[{"pk": 1, "fields": {"file": "./Anders_6DO026X.png"}, "model": "content.contentimage"}, {"pk": 2, "fields": {"file": "./Webkom.JPG"}, "model": "content.contentimage"}, {"pk": 1, "fields": {"file": "./abakus.png", "album": null, "description": "Dette var gaven til Abakus.", "num": null}, "model": "content.albumimage"}, {"pk": 2, "fields": {"file": "uploads/content/favicon.png", "album": 2, "description": "Name", "num": 0}, "model": "content.albumimage"}, {"pk": 3, "fields": {"file": "uploads/content/20150614_202500.jpg", "album": 3, "description": "Bilde av meg selv", "num": 1}, "model": "content.albumimage"}, {"pk": 4, "fields": {"file": "uploads/content/20151223_212740.jpg", "album": 3, "description": "Et annet bilde av meg selv", "num": 0}, "model": "content.albumimage"}, {"pk": 5, "fields": {"file": "uploads/content/banan.jpg", "album": 3, "description": "Banan", "num": 2}, "model": "content.albumimage"}, {"pk": 6, "fields": {"file": "uploads/content/\u00c5nders.png", "album": 1, "description": "", "num": 0}, "model": "content.albumimage"}, {"pk": 7, "fields": {"file": "uploads/content/familie.jpg", "album": 3, "description": "", "num": 3}, "model": "content.albumimage"}, {"pk": 8, "fields": {"file": "uploads/content/hus.jpg", "album": 3, "description": "", "num": 4}, "model": "content.albumimage"}, {"pk": 9, "fields": {"file": "uploads/content/20150730_114143.jpg", "album": 3, "description": "", "num": 5}, "model": "content.albumimage"}, {"pk": 10, "fields": {"file": "uploads/content/lotr.jpg", "album": 4, "description": "", "num": 1}, "model": "content.albumimage"}, {"pk": 11, "fields": {"file": "uploads/content/abakus.png", "album": 4, "description": "", "num": 0}, "model": "content.albumimage"}, {"pk": 12, "fields": {"file": "uploads/content/\u00c5nders_FokLdoK.png", "album": 4, "description": "", "num": 2}, "model": "content.albumimage"}, {"pk": 1, "fields": {"created": "2015-11-02", "name": "Testblogg", "slug": "testblogg"}, "model": "content.blog"}, {"pk": 1, "fields": {"year": 1}, "model": "jobs.yearchoices"}, {"pk": 1, "fields": {"studieretning": "Ojadda"}, "model": "jobs.relevantforchoices"}, {"pk": 1, "fields": {"number": 1, "logo": "podcast/images/10426108_778372808909703_7848269570316449205_n.jpg", "banner": "podcast/images/11823712_10152917249517121_994304728_n.jpg"}, "model": "podcast.season"}, {"pk": 2, "fields": {"number": 2, "logo": "podcast/images/10426108_778372808909703_7848269570316449205_n_w8fAto5.jpg", "banner": "podcast/images/11774619_10152917258307121_948009307_n.jpg"}, "model": "podcast.season"}, {"pk": 1, "fields": {"year": 2015, "template": "interactive/advent_base.html"}, "model": "interactive.adventcalendar"}, {"pk": 1, "fields": {"alternative_3": "Indianerne", "correct_alternative": 3, "alternative_4": "Jesus", "question": "Hvem oppdaget Amerika?", "quiz": 1, "alternative_1": "Coloumbus", "alternative_2": "Leif Eriksson"}, "model": "interactive.quizquestion"}, {"pk": 2, "fields": {"alternative_3": "Louis Armstrong", "correct_alternative": 1, "alternative_4": "Betty Armstrong", "question": "Hvem var den f\u00f8rste p\u00e5 m\u00e5nen?", "quiz": 2, "alternative_1": "Neil Armstrong", "alternative_2": "Lance Armstrong"}, "model": "interactive.quizquestion"}, {"pk": 3, "fields": {"alternative_3": "Titan", "correct_alternative": 2, "alternative_4": "Ganymede", "question": "Hva heter Jupiters st\u00f8rste m\u00e5ne?", "quiz": 2, "alternative_1": "Europa", "alternative_2": "Io"}, "model": "interactive.quizquestion"}, {"pk": 4, "fields": {"alternative_3": "Chanon", "correct_alternative": 2, "alternative_4": "Nix", "question": "Hva heter Plutos st\u00f8rste m\u00e5ne?", "quiz": 2, "alternative_1": "Chagon", "alternative_2": "Charon"}, "model": "interactive.quizquestion"}, {"pk": 5, "fields": {"alternative_3": "Titan", "correct_alternative": 1, "alternative_4": "Ganymede", "question": "Hva heter Saturns ism\u00e5ne som kan ha liv?", "quiz": 2, "alternative_1": "Enceladus", "alternative_2": "Io"}, "model": "interactive.quizquestion"}, {"pk": 6, "fields": {"alternative_3": "Tidevannskrefter fra Saturn varmer opp vannet. ", "correct_alternative": 3, "alternative_4": "N\u00f8ytrinoer reagerer med vannet og varmer det opp.", "question": "Denne m\u00e5nen har flytende vann under isen, men har ikke noen aktiv kjerne og varmes ikke av sola hvordan er dette mulig?", "quiz": 2, "alternative_1": "Vannet er godt isolert pga. isen og bruker lang tid p\u00e5 \u00e5 fryse.", "alternative_2": "Det h\u00f8ye trykket gj\u00f8r at vannet ikke kan fryse"}, "model": "interactive.quizquestion"}, {"pk": 7, "fields": {"alternative_3": "3", "correct_alternative": 4, "alternative_4": "4", "question": "Dette er en test", "quiz": 3, "alternative_1": "1", "alternative_2": "2"}, "model": "interactive.quizquestion"}, {"pk": 8, "fields": {"alternative_3": "Tre", "correct_alternative": 1, "alternative_4": "Fire", "question": "Dette er en test", "quiz": 5, "alternative_1": "En ", "alternative_2": "To "}, "model": "interactive.quizquestion"}, {"pk": 9, "fields": {"alternative_3": "BJB", "correct_alternative": 2, "alternative_4": "J", "question": "Dette er ogs\u00e5 en test", "quiz": 5, "alternative_1": "fasdf", "alternative_2": "NBJ"}, "model": "interactive.quizquestion"}, {"pk": 2, "fields": {"quiz_reply": 2, "question": 1, "alternative": 3}, "model": "interactive.questionreply"}, {"pk": 3, "fields": {"quiz_reply": 3, "question": 1, "alternative": 3}, "model": "interactive.questionreply"}, {"pk": 13, "fields": {"quiz_reply": 9, "question": 1, "alternative": 3}, "model": "interactive.questionreply"}, {"pk": 14, "fields": {"quiz_reply": 10, "question": 1, "alternative": 3}, "model": "interactive.questionreply"}, {"pk": 20, "fields": {"quiz_reply": 12, "question": 1, "alternative": 2}, "model": "interactive.questionreply"}, {"pk": 21, "fields": {"quiz_reply": 13, "question": 2, "alternative": 1}, "model": "interactive.questionreply"}, {"pk": 22, "fields": {"quiz_reply": 13, "question": 3, "alternative": 2}, "model": "interactive.questionreply"}, {"pk": 23, "fields": {"quiz_reply": 13, "question": 4, "alternative": 4}, "model": "interactive.questionreply"}, {"pk": 24, "fields": {"quiz_reply": 13, "question": 5, "alternative": 2}, "model": "interactive.questionreply"}, {"pk": 25, "fields": {"quiz_reply": 13, "question": 6, "alternative": 2}, "model": "interactive.questionreply"}, {"pk": 27, "fields": {"quiz_reply": 15, "question": 2, "alternative": 1}, "model": "interactive.questionreply"}, {"pk": 28, "fields": {"quiz_reply": 15, "question": 3, "alternative": 2}, "model": "interactive.questionreply"}, {"pk": 29, "fields": {"quiz_reply": 15, "question": 4, "alternative": 2}, "model": "interactive.questionreply"}, {"pk": 30, "fields": {"quiz_reply": 15, "question": 5, "alternative": 1}, "model": "interactive.questionreply"}, {"pk": 31, "fields": {"quiz_reply": 15, "question": 6, "alternative": 2}, "model": "interactive.questionreply"}, {"pk": 32, "fields": {"quiz_reply": 16, "question": 2, "alternative": 2}, "model": "interactive.questionreply"}, {"pk": 33, "fields": {"quiz_reply": 16, "question": 3, "alternative": 2}, "model": "interactive.questionreply"}, {"pk": 34, "fields": {"quiz_reply": 16, "question": 4, "alternative": 2}, "model": "interactive.questionreply"}, {"pk": 35, "fields": {"quiz_reply": 16, "question": 5, "alternative": 1}, "model": "interactive.questionreply"}, {"pk": 36, "fields": {"quiz_reply": 16, "question": 6, "alternative": 3}, "model": "interactive.questionreply"}, {"pk": 37, "fields": {"quiz_reply": 17, "question": 2, "alternative": 2}, "model": "interactive.questionreply"}, {"pk": 38, "fields": {"quiz_reply": 17, "question": 3, "alternative": 2}, "model": "interactive.questionreply"}, {"pk": 39, "fields": {"quiz_reply": 17, "question": 4, "alternative": 3}, "model": "interactive.questionreply"}, {"pk": 40, "fields": {"quiz_reply": 17, "question": 5, "alternative": 4}, "model": "interactive.questionreply"}, {"pk": 41, "fields": {"quiz_reply": 17, "question": 6, "alternative": 2}, "model": "interactive.questionreply"}, {"pk": 48, "fields": {"quiz_reply": 20, "question": 2, "alternative": 4}, "model": "interactive.questionreply"}, {"pk": 49, "fields": {"quiz_reply": 20, "question": 3, "alternative": 1}, "model": "interactive.questionreply"}, {"pk": 50, "fields": {"quiz_reply": 20, "question": 4, "alternative": 3}, "model": "interactive.questionreply"}, {"pk": 51, "fields": {"quiz_reply": 20, "question": 5, "alternative": 1}, "model": "interactive.questionreply"}, {"pk": 52, "fields": {"quiz_reply": 20, "question": 6, "alternative": 1}, "model": "interactive.questionreply"}, {"pk": 53, "fields": {"quiz_reply": 20, "question": 2, "alternative": 4}, "model": "interactive.questionreply"}, {"pk": 54, "fields": {"quiz_reply": 20, "question": 3, "alternative": 1}, "model": "interactive.questionreply"}, {"pk": 55, "fields": {"quiz_reply": 20, "question": 4, "alternative": 3}, "model": "interactive.questionreply"}, {"pk": 56, "fields": {"quiz_reply": 20, "question": 5, "alternative": 1}, "model": "interactive.questionreply"}, {"pk": 57, "fields": {"quiz_reply": 20, "question": 6, "alternative": 1}, "model": "interactive.questionreply"}, {"pk": 58, "fields": {"quiz_reply": 21, "question": 7, "alternative": 2}, "model": "interactive.questionreply"}, {"pk": 59, "fields": {"quiz_reply": 21, "question": 7, "alternative": 2}, "model": "interactive.questionreply"}, {"pk": 60, "fields": {"quiz_reply": 22, "question": 1, "alternative": 3}, "model": "interactive.questionreply"}, {"pk": 61, "fields": {"quiz_reply": 23, "question": 2, "alternative": 1}, "model": "interactive.questionreply"}, {"pk": 62, "fields": {"quiz_reply": 23, "question": 3, "alternative": 2}, "model": "interactive.questionreply"}, {"pk": 63, "fields": {"quiz_reply": 23, "question": 4, "alternative": 2}, "model": "interactive.questionreply"}, {"pk": 64, "fields": {"quiz_reply": 23, "question": 5, "alternative": 2}, "model": "interactive.questionreply"}, {"pk": 65, "fields": {"quiz_reply": 23, "question": 6, "alternative": 3}, "model": "interactive.questionreply"}, {"pk": 66, "fields": {"quiz_reply": 24, "question": 7, "alternative": 2}, "model": "interactive.questionreply"}, {"pk": 67, "fields": {"quiz_reply": 25, "question": 2, "alternative": 1}, "model": "interactive.questionreply"}, {"pk": 68, "fields": {"quiz_reply": 25, "question": 3, "alternative": 2}, "model": "interactive.questionreply"}, {"pk": 69, "fields": {"quiz_reply": 25, "question": 4, "alternative": 2}, "model": "interactive.questionreply"}, {"pk": 70, "fields": {"quiz_reply": 25, "question": 5, "alternative": 1}, "model": "interactive.questionreply"}, {"pk": 71, "fields": {"quiz_reply": 25, "question": 6, "alternative": 3}, "model": "interactive.questionreply"}, {"pk": 72, "fields": {"quiz_reply": 28, "question": 2, "alternative": 1}, "model": "interactive.questionreply"}, {"pk": 73, "fields": {"quiz_reply": 28, "question": 3, "alternative": 2}, "model": "interactive.questionreply"}, {"pk": 74, "fields": {"quiz_reply": 28, "question": 4, "alternative": 3}, "model": "interactive.questionreply"}, {"pk": 75, "fields": {"quiz_reply": 28, "question": 5, "alternative": 2}, "model": "interactive.questionreply"}, {"pk": 76, "fields": {"quiz_reply": 28, "question": 6, "alternative": 2}, "model": "interactive.questionreply"}, {"pk": 77, "fields": {"quiz_reply": 52, "question": 2, "alternative": 1}, "model": "interactive.questionreply"}, {"pk": 78, "fields": {"quiz_reply": 52, "question": 3, "alternative": 2}, "model": "interactive.questionreply"}, {"pk": 79, "fields": {"quiz_reply": 52, "question": 4, "alternative": 2}, "model": "interactive.questionreply"}, {"pk": 80, "fields": {"quiz_reply": 52, "question": 5, "alternative": 1}, "model": "interactive.questionreply"}, {"pk": 81, "fields": {"quiz_reply": 52, "question": 6, "alternative": 3}, "model": "interactive.questionreply"}, {"pk": 1, "fields": {}, "model": "interactive.quizscoreboard"}, {"pk": 2, "fields": {}, "model": "interactive.quizscoreboard"}, {"pk": 3, "fields": {}, "model": "interactive.quizscoreboard"}, {"pk": 4, "fields": {}, "model": "interactive.quizscoreboard"}, {"pk": 5, "fields": {}, "model": "interactive.quizscoreboard"}, {"pk": 1, "fields": {"favicon": "./tabikon.png", "site": 1}, "model": "nablaweb.generaloptions"}, {"pk": 1, "fields": {"name": "news_pictures/11096536_812864302127220_1827653242410643212_n.jpg", "modified": "2016-01-20T21:41:12.433", "storage_hash": "f9bde26a1556cd667f742bd34ec7c55e"}, "model": "easy_thumbnails.source"}, {"pk": 2, "fields": {"name": "news_pictures/11774619_10152917258307121_948009307_n.jpg", "modified": "2015-08-08T17:36:43.151", "storage_hash": "f9bde26a1556cd667f742bd34ec7c55e"}, "model": "easy_thumbnails.source"}, {"pk": 3, "fields": {"name": "news_pictures/10426108_778372808909703_7848269570316449205_n.jpg", "modified": "2016-01-20T21:41:12.776", "storage_hash": "f9bde26a1556cd667f742bd34ec7c55e"}, "model": "easy_thumbnails.source"}, {"pk": 4, "fields": {"name": "news_pictures/11096536_812864302127220_1827653242410643212_n_Mi1XE01.jpg", "modified": "2016-01-05T20:52:13.299", "storage_hash": "f9bde26a1556cd667f742bd34ec7c55e"}, "model": "easy_thumbnails.source"}, {"pk": 5, "fields": {"name": "news_pictures/11096536_812864302127220_1827653242410643212_n_LN8lQFV.jpg", "modified": "2016-01-20T21:41:13.159", "storage_hash": "f9bde26a1556cd667f742bd34ec7c55e"}, "model": "easy_thumbnails.source"}, {"pk": 6, "fields": {"name": "news_pictures/11774619_10152917258307121_948009307_n_oorKHw4.jpg", "modified": "2015-10-03T11:03:50.596", "storage_hash": "f9bde26a1556cd667f742bd34ec7c55e"}, "model": "easy_thumbnails.source"}, {"pk": 7, "fields": {"name": "news_pictures/11043167_803791749701142_8975321349914312595_n.png", "modified": "2015-08-13T20:57:43.435", "storage_hash": "f9bde26a1556cd667f742bd34ec7c55e"}, "model": "easy_thumbnails.source"}, {"pk": 8, "fields": {"name": "news_pictures/abakus.png", "modified": "2016-02-02T23:05:29.414", "storage_hash": "f9bde26a1556cd667f742bd34ec7c55e"}, "model": "easy_thumbnails.source"}, {"pk": 9, "fields": {"name": "news_pictures/12033824_10205213013384825_429299839_n.jpg", "modified": "2016-02-02T23:05:29.727", "storage_hash": "f9bde26a1556cd667f742bd34ec7c55e"}, "model": "easy_thumbnails.source"}, {"pk": 10, "fields": {"name": "avatars/11923382_10152972287732121_1074526346_o.jpg", "modified": "2016-01-05T20:41:03.300", "storage_hash": "f9bde26a1556cd667f742bd34ec7c55e"}, "model": "easy_thumbnails.source"}, {"pk": 11, "fields": {"name": "uploads/content/20150614_202500.jpg", "modified": "2016-01-05T16:57:29.414", "storage_hash": "f9bde26a1556cd667f742bd34ec7c55e"}, "model": "easy_thumbnails.source"}, {"pk": 12, "fields": {"name": "uploads/content/20151223_212740.jpg", "modified": "2016-01-05T16:57:30.181", "storage_hash": "f9bde26a1556cd667f742bd34ec7c55e"}, "model": "easy_thumbnails.source"}, {"pk": 13, "fields": {"name": "uploads/content/banan.jpg", "modified": "2016-01-05T16:57:30.616", "storage_hash": "f9bde26a1556cd667f742bd34ec7c55e"}, "model": "easy_thumbnails.source"}, {"pk": 14, "fields": {"name": "uploads/content/familie.jpg", "modified": "2016-01-05T16:57:30.997", "storage_hash": "f9bde26a1556cd667f742bd34ec7c55e"}, "model": "easy_thumbnails.source"}, {"pk": 15, "fields": {"name": "uploads/content/hus.jpg", "modified": "2016-01-05T16:57:31.419", "storage_hash": "f9bde26a1556cd667f742bd34ec7c55e"}, "model": "easy_thumbnails.source"}, {"pk": 16, "fields": {"name": "uploads/content/20150730_114143.jpg", "modified": "2016-01-05T16:57:32.119", "storage_hash": "f9bde26a1556cd667f742bd34ec7c55e"}, "model": "easy_thumbnails.source"}, {"pk": 17, "fields": {"name": "uploads/content/\u00c5nders.png", "modified": "2016-01-05T16:59:30.376", "storage_hash": "f9bde26a1556cd667f742bd34ec7c55e"}, "model": "easy_thumbnails.source"}, {"pk": 18, "fields": {"name": "uploads/content/favicon.png", "modified": "2016-01-05T16:59:30.715", "storage_hash": "f9bde26a1556cd667f742bd34ec7c55e"}, "model": "easy_thumbnails.source"}, {"pk": 19, "fields": {"name": "/home/anders/code/nablaweb/nablaweb/settings/../../var/media/nabladet/mars88_VjAqC5j.pdf.jpg", "modified": "2016-01-24T01:03:17.387", "storage_hash": "f9bde26a1556cd667f742bd34ec7c55e"}, "model": "easy_thumbnails.source"}, {"pk": 20, "fields": {"name": "nabladet/mars88_VjAqC5j.pdf.jpg", "modified": "2016-01-24T16:27:18.694", "storage_hash": "f9bde26a1556cd667f742bd34ec7c55e"}, "model": "easy_thumbnails.source"}, {"pk": 21, "fields": {"name": "nabladet/abakus.png.jpg", "modified": "2016-01-24T16:27:56.776", "storage_hash": "f9bde26a1556cd667f742bd34ec7c55e"}, "model": "easy_thumbnails.source"}, {"pk": 22, "fields": {"name": "nabladet/okt89.pdf.jpg", "modified": "2016-01-24T17:53:17.386", "storage_hash": "f9bde26a1556cd667f742bd34ec7c55e"}, "model": "easy_thumbnails.source"}, {"pk": 23, "fields": {"name": "nabladet/des89.pdf.jpg", "modified": "2016-01-24T17:53:17.656", "storage_hash": "f9bde26a1556cd667f742bd34ec7c55e"}, "model": "easy_thumbnails.source"}, {"pk": 24, "fields": {"name": "uploads/news_pictures/okonomi.jpg", "modified": "2016-01-25T00:33:02.709", "storage_hash": "f9bde26a1556cd667f742bd34ec7c55e"}, "model": "easy_thumbnails.source"}, {"pk": 25, "fields": {"name": "uploads/news_pictures/banner.png", "modified": "2016-01-24T19:41:00.096", "storage_hash": "f9bde26a1556cd667f742bd34ec7c55e"}, "model": "easy_thumbnails.source"}, {"pk": 26, "fields": {"name": "uploads/news_pictures/gl\u00f8s.jpg", "modified": "2016-02-02T22:21:22.815", "storage_hash": "f9bde26a1556cd667f742bd34ec7c55e"}, "model": "easy_thumbnails.source"}, {"pk": 27, "fields": {"name": "uploads/content/lotr.jpg", "modified": "2016-02-02T22:03:07.774", "storage_hash": "f9bde26a1556cd667f742bd34ec7c55e"}, "model": "easy_thumbnails.source"}, {"pk": 28, "fields": {"name": "uploads/content/abakus.png", "modified": "2016-02-02T22:03:13.451", "storage_hash": "f9bde26a1556cd667f742bd34ec7c55e"}, "model": "easy_thumbnails.source"}, {"pk": 29, "fields": {"name": "uploads/content/\u00c5nders_FokLdoK.png", "modified": "2016-02-02T22:03:13.996", "storage_hash": "f9bde26a1556cd667f742bd34ec7c55e"}, "model": "easy_thumbnails.source"}, {"pk": 1, "fields": {"name": "thumbnails/news_pictures/11096536_812864302127220_1827653242410643212_n.jpg.300x300_q85_detail_upscale.jpg", "source": 1, "modified": "2015-08-08T17:28:52.481", "storage_hash": "d26becbf46ac48eda79c7a39a13a02dd"}, "model": "easy_thumbnails.thumbnail"}, {"pk": 2, "fields": {"name": "thumbnails/news_pictures/11096536_812864302127220_1827653242410643212_n.jpg.300x300_q95_box-211,0,752,540.jpg", "source": 1, "modified": "2015-08-08T17:32:14.814", "storage_hash": "d26becbf46ac48eda79c7a39a13a02dd"}, "model": "easy_thumbnails.thumbnail"}, {"pk": 3, "fields": {"name": "thumbnails/news_pictures/11774619_10152917258307121_948009307_n.jpg.300x300_q85_detail_upscale.jpg", "source": 2, "modified": "2015-08-08T17:33:02.593", "storage_hash": "d26becbf46ac48eda79c7a39a13a02dd"}, "model": "easy_thumbnails.thumbnail"}, {"pk": 4, "fields": {"name": "thumbnails/news_pictures/10426108_778372808909703_7848269570316449205_n.jpg.300x300_q95_box-0,0,960,960.jpg", "source": 3, "modified": "2015-08-08T17:36:32.946", "storage_hash": "d26becbf46ac48eda79c7a39a13a02dd"}, "model": "easy_thumbnails.thumbnail"}, {"pk": 5, "fields": {"name": "thumbnails/news_pictures/11096536_812864302127220_1827653242410643212_n_Mi1XE01.jpg.300x300_q95_box-210,0,750,540.jpg", "source": 4, "modified": "2015-08-08T17:36:42.975", "storage_hash": "d26becbf46ac48eda79c7a39a13a02dd"}, "model": "easy_thumbnails.thumbnail"}, {"pk": 6, "fields": {"name": "thumbnails/news_pictures/11774619_10152917258307121_948009307_n.jpg.300x300_q95_box-160,0,800,640.jpg", "source": 2, "modified": "2015-08-08T17:36:43.252", "storage_hash": "d26becbf46ac48eda79c7a39a13a02dd"}, "model": "easy_thumbnails.thumbnail"}, {"pk": 7, "fields": {"name": "thumbnails/news_pictures/10426108_778372808909703_7848269570316449205_n.jpg.300x300_q85_detail_upscale.jpg", "source": 3, "modified": "2015-08-10T11:57:39.680", "storage_hash": "d26becbf46ac48eda79c7a39a13a02dd"}, "model": "easy_thumbnails.thumbnail"}, {"pk": 8, "fields": {"name": "thumbnails/news_pictures/11096536_812864302127220_1827653242410643212_n_LN8lQFV.jpg.300x300_q85_detail_upscale.jpg", "source": 5, "modified": "2015-08-10T11:58:00.548", "storage_hash": "d26becbf46ac48eda79c7a39a13a02dd"}, "model": "easy_thumbnails.thumbnail"}, {"pk": 9, "fields": {"name": "thumbnails/news_pictures/11096536_812864302127220_1827653242410643212_n_LN8lQFV.jpg.300x300_q95_box-210,0,750,540.jpg", "source": 5, "modified": "2015-08-10T11:58:17.311", "storage_hash": "d26becbf46ac48eda79c7a39a13a02dd"}, "model": "easy_thumbnails.thumbnail"}, {"pk": 10, "fields": {"name": "thumbnails/news_pictures/11774619_10152917258307121_948009307_n_oorKHw4.jpg.370x123_q95_box-0,133,960,507_detail_upscale.jpg", "source": 6, "modified": "2015-08-11T17:47:27.159", "storage_hash": "d26becbf46ac48eda79c7a39a13a02dd"}, "model": "easy_thumbnails.thumbnail"}, {"pk": 11, "fields": {"name": "thumbnails/news_pictures/11043167_803791749701142_8975321349914312595_n.png.300x300_q95_box-79,0,648,569.jpg", "source": 7, "modified": "2015-08-13T20:34:25.010", "storage_hash": "d26becbf46ac48eda79c7a39a13a02dd"}, "model": "easy_thumbnails.thumbnail"}, {"pk": 12, "fields": {"name": "thumbnails/news_pictures/11043167_803791749701142_8975321349914312595_n.png.300x300_q85_detail_upscale.jpg", "source": 7, "modified": "2015-08-13T20:57:06.199", "storage_hash": "d26becbf46ac48eda79c7a39a13a02dd"}, "model": "easy_thumbnails.thumbnail"}, {"pk": 13, "fields": {"name": "thumbnails/news_pictures/11043167_803791749701142_8975321349914312595_n.png.300x300_q95_box-80,0,649,569.jpg", "source": 7, "modified": "2015-08-13T20:57:43.552", "storage_hash": "d26becbf46ac48eda79c7a39a13a02dd"}, "model": "easy_thumbnails.thumbnail"}, {"pk": 14, "fields": {"name": "thumbnails/news_pictures/abakus.png.300x300_q85_detail_upscale.png", "source": 8, "modified": "2015-08-31T20:05:34.307", "storage_hash": "d26becbf46ac48eda79c7a39a13a02dd"}, "model": "easy_thumbnails.thumbnail"}, {"pk": 15, "fields": {"name": "thumbnails/news_pictures/abakus.png.770x300_q95_box-0,437,600,671_detail_upscale.png", "source": 8, "modified": "2015-08-31T20:05:44.267", "storage_hash": "d26becbf46ac48eda79c7a39a13a02dd"}, "model": "easy_thumbnails.thumbnail"}, {"pk": 16, "fields": {"name": "thumbnails/news_pictures/abakus.png.770x250_q95_box-0,437,600,671.png", "source": 8, "modified": "2015-08-31T20:27:18.737", "storage_hash": "d26becbf46ac48eda79c7a39a13a02dd"}, "model": "easy_thumbnails.thumbnail"}, {"pk": 17, "fields": {"name": "thumbnails/news_pictures/abakus.png.370x123_q95_box-0,437,600,671_detail_upscale.png", "source": 8, "modified": "2015-09-01T16:53:05.020", "storage_hash": "d26becbf46ac48eda79c7a39a13a02dd"}, "model": "easy_thumbnails.thumbnail"}, {"pk": 18, "fields": {"name": "thumbnails/news_pictures/12033824_10205213013384825_429299839_n.jpg.770x300_q95_crop-smart_detail_upscale.jpg", "source": 9, "modified": "2015-09-17T19:14:57.045", "storage_hash": "d26becbf46ac48eda79c7a39a13a02dd"}, "model": "easy_thumbnails.thumbnail"}, {"pk": 19, "fields": {"name": "thumbnails/news_pictures/12033824_10205213013384825_429299839_n.jpg.300x300_q85_detail_upscale.jpg", "source": 9, "modified": "2015-09-17T19:15:49.309", "storage_hash": "d26becbf46ac48eda79c7a39a13a02dd"}, "model": "easy_thumbnails.thumbnail"}, {"pk": 20, "fields": {"name": "thumbnails/news_pictures/12033824_10205213013384825_429299839_n.jpg.770x300_q95_box-0,28,249,125_detail_upscale.jpg", "source": 9, "modified": "2015-09-17T19:16:11.408", "storage_hash": "d26becbf46ac48eda79c7a39a13a02dd"}, "model": "easy_thumbnails.thumbnail"}, {"pk": 21, "fields": {"name": "thumbnails/news_pictures/12033824_10205213013384825_429299839_n.jpg.770x250_q95_box-0,28,249,125.jpg", "source": 9, "modified": "2015-09-17T19:16:14.703", "storage_hash": "d26becbf46ac48eda79c7a39a13a02dd"}, "model": "easy_thumbnails.thumbnail"}, {"pk": 22, "fields": {"name": "thumbnails/avatars/11923382_10152972287732121_1074526346_o.jpg.150x150_q85.jpg", "source": 10, "modified": "2015-09-26T13:51:08.897", "storage_hash": "d26becbf46ac48eda79c7a39a13a02dd"}, "model": "easy_thumbnails.thumbnail"}, {"pk": 23, "fields": {"name": "thumbnails/news_pictures/11774619_10152917258307121_948009307_n_oorKHw4.jpg.300x300_q85_detail_upscale.jpg", "source": 6, "modified": "2015-10-03T11:03:50.686", "storage_hash": "d26becbf46ac48eda79c7a39a13a02dd"}, "model": "easy_thumbnails.thumbnail"}, {"pk": 24, "fields": {"name": "thumbnails/news_pictures/12033824_10205213013384825_429299839_n.jpg.370x123_q95_box-0,28,249,125_detail_upscale.jpg", "source": 9, "modified": "2015-10-05T12:44:19.222", "storage_hash": "d26becbf46ac48eda79c7a39a13a02dd"}, "model": "easy_thumbnails.thumbnail"}, {"pk": 25, "fields": {"name": "thumbnails/news_pictures/11096536_812864302127220_1827653242410643212_n_Mi1XE01.jpg.300x300_q85_detail_upscale.jpg", "source": 4, "modified": "2015-11-02T23:50:11.607", "storage_hash": "d26becbf46ac48eda79c7a39a13a02dd"}, "model": "easy_thumbnails.thumbnail"}, {"pk": 26, "fields": {"name": "thumbnails/news_pictures/11096536_812864302127220_1827653242410643212_n_Mi1XE01.jpg.300x300_q95_box-211,0,752,540.jpg", "source": 4, "modified": "2015-11-02T23:50:26.861", "storage_hash": "d26becbf46ac48eda79c7a39a13a02dd"}, "model": "easy_thumbnails.thumbnail"}, {"pk": 27, "fields": {"name": "thumbnails/avatars/11923382_10152972287732121_1074526346_o.jpg.50x50_q85.jpg", "source": 10, "modified": "2015-11-08T16:11:54.216", "storage_hash": "d26becbf46ac48eda79c7a39a13a02dd"}, "model": "easy_thumbnails.thumbnail"}, {"pk": 28, "fields": {"name": "thumbnails/uploads/content/20150614_202500.jpg.770x250_q95.jpg", "source": 11, "modified": "2016-01-05T16:57:29.534", "storage_hash": "d26becbf46ac48eda79c7a39a13a02dd"}, "model": "easy_thumbnails.thumbnail"}, {"pk": 29, "fields": {"name": "thumbnails/uploads/content/20151223_212740.jpg.770x250_q95.jpg", "source": 12, "modified": "2016-01-05T16:57:30.299", "storage_hash": "d26becbf46ac48eda79c7a39a13a02dd"}, "model": "easy_thumbnails.thumbnail"}, {"pk": 30, "fields": {"name": "thumbnails/uploads/content/banan.jpg.770x250_q95.jpg", "source": 13, "modified": "2016-01-05T16:57:30.743", "storage_hash": "d26becbf46ac48eda79c7a39a13a02dd"}, "model": "easy_thumbnails.thumbnail"}, {"pk": 31, "fields": {"name": "thumbnails/uploads/content/familie.jpg.770x250_q95.jpg", "source": 14, "modified": "2016-01-05T16:57:31.120", "storage_hash": "d26becbf46ac48eda79c7a39a13a02dd"}, "model": "easy_thumbnails.thumbnail"}, {"pk": 32, "fields": {"name": "thumbnails/uploads/content/hus.jpg.770x250_q95.jpg", "source": 15, "modified": "2016-01-05T16:57:31.531", "storage_hash": "d26becbf46ac48eda79c7a39a13a02dd"}, "model": "easy_thumbnails.thumbnail"}, {"pk": 33, "fields": {"name": "thumbnails/uploads/content/20150730_114143.jpg.770x250_q95.jpg", "source": 16, "modified": "2016-01-05T16:57:32.252", "storage_hash": "d26becbf46ac48eda79c7a39a13a02dd"}, "model": "easy_thumbnails.thumbnail"}, {"pk": 34, "fields": {"name": "thumbnails/uploads/content/\u00c5nders.png.770x250_q95.png", "source": 17, "modified": "2016-01-05T16:59:30.491", "storage_hash": "d26becbf46ac48eda79c7a39a13a02dd"}, "model": "easy_thumbnails.thumbnail"}, {"pk": 35, "fields": {"name": "thumbnails/uploads/content/favicon.png.770x250_q95.png", "source": 18, "modified": "2016-01-05T16:59:30.923", "storage_hash": "d26becbf46ac48eda79c7a39a13a02dd"}, "model": "easy_thumbnails.thumbnail"}, {"pk": 36, "fields": {"name": "thumbnails/avatars/11923382_10152972287732121_1074526346_o.jpg.64x64_q85.jpg", "source": 10, "modified": "2016-01-05T20:41:03.407", "storage_hash": "d26becbf46ac48eda79c7a39a13a02dd"}, "model": "easy_thumbnails.thumbnail"}, {"pk": 37, "fields": {"name": "thumbnails/news_pictures/11096536_812864302127220_1827653242410643212_n_Mi1XE01.jpg.64x64_q85.jpg", "source": 4, "modified": "2016-01-05T20:51:44.146", "storage_hash": "d26becbf46ac48eda79c7a39a13a02dd"}, "model": "easy_thumbnails.thumbnail"}, {"pk": 38, "fields": {"name": "thumbnails/news_pictures/11096536_812864302127220_1827653242410643212_n_Mi1XE01.jpg.150x150_q85.jpg", "source": 4, "modified": "2016-01-05T20:52:13.434", "storage_hash": "d26becbf46ac48eda79c7a39a13a02dd"}, "model": "easy_thumbnails.thumbnail"}, {"pk": 39, "fields": {"name": "thumbnails/news_pictures/11096536_812864302127220_1827653242410643212_n.jpg.150x150_q85.jpg", "source": 1, "modified": "2016-01-20T21:41:12.549", "storage_hash": "d26becbf46ac48eda79c7a39a13a02dd"}, "model": "easy_thumbnails.thumbnail"}, {"pk": 40, "fields": {"name": "thumbnails/news_pictures/10426108_778372808909703_7848269570316449205_n.jpg.150x150_q85.jpg", "source": 3, "modified": "2016-01-20T21:41:12.893", "storage_hash": "d26becbf46ac48eda79c7a39a13a02dd"}, "model": "easy_thumbnails.thumbnail"}, {"pk": 41, "fields": {"name": "thumbnails/news_pictures/11096536_812864302127220_1827653242410643212_n_LN8lQFV.jpg.150x150_q85.jpg", "source": 5, "modified": "2016-01-20T21:41:13.259", "storage_hash": "d26becbf46ac48eda79c7a39a13a02dd"}, "model": "easy_thumbnails.thumbnail"}, {"pk": 42, "fields": {"name": "/home/anders/code/nablaweb/nablaweb/settings/../../var/media/nabladet/mars88_VjAqC5j.pdf.jpg.250x150_q95.jpg", "source": 19, "modified": "2016-01-24T01:03:17.462", "storage_hash": "d26becbf46ac48eda79c7a39a13a02dd"}, "model": "easy_thumbnails.thumbnail"}, {"pk": 43, "fields": {"name": "thumbnails/nabladet/mars88_VjAqC5j.pdf.jpg.250x150_q95.jpg", "source": 20, "modified": "2016-01-24T01:19:45.130", "storage_hash": "d26becbf46ac48eda79c7a39a13a02dd"}, "model": "easy_thumbnails.thumbnail"}, {"pk": 44, "fields": {"name": "thumbnails/nabladet/abakus.png.jpg.250x150_q95.jpg", "source": 21, "modified": "2016-01-24T01:19:45.674", "storage_hash": "d26becbf46ac48eda79c7a39a13a02dd"}, "model": "easy_thumbnails.thumbnail"}, {"pk": 45, "fields": {"name": "thumbnails/nabladet/mars88_VjAqC5j.pdf.jpg.300x400_q85.jpg", "source": 20, "modified": "2016-01-24T16:21:29.882", "storage_hash": "d26becbf46ac48eda79c7a39a13a02dd"}, "model": "easy_thumbnails.thumbnail"}, {"pk": 46, "fields": {"name": "thumbnails/nabladet/abakus.png.jpg.300x400_q85.jpg", "source": 21, "modified": "2016-01-24T16:21:30.167", "storage_hash": "d26becbf46ac48eda79c7a39a13a02dd"}, "model": "easy_thumbnails.thumbnail"}, {"pk": 47, "fields": {"name": "thumbnails/nabladet/mars88_VjAqC5j.pdf.jpg.200x350_q85.jpg", "source": 20, "modified": "2016-01-24T16:22:19.003", "storage_hash": "d26becbf46ac48eda79c7a39a13a02dd"}, "model": "easy_thumbnails.thumbnail"}, {"pk": 48, "fields": {"name": "thumbnails/nabladet/abakus.png.jpg.200x350_q85.jpg", "source": 21, "modified": "2016-01-24T16:22:19.272", "storage_hash": "d26becbf46ac48eda79c7a39a13a02dd"}, "model": "easy_thumbnails.thumbnail"}, {"pk": 49, "fields": {"name": "thumbnails/nabladet/okt89.pdf.jpg.200x350_q85.jpg", "source": 22, "modified": "2016-01-24T16:26:33.657", "storage_hash": "d26becbf46ac48eda79c7a39a13a02dd"}, "model": "easy_thumbnails.thumbnail"}, {"pk": 50, "fields": {"name": "thumbnails/nabladet/des89.pdf.jpg.200x350_q85.jpg", "source": 23, "modified": "2016-01-24T16:26:33.989", "storage_hash": "d26becbf46ac48eda79c7a39a13a02dd"}, "model": "easy_thumbnails.thumbnail"}, {"pk": 51, "fields": {"name": "thumbnails/nabladet/mars88_VjAqC5j.pdf.jpg.280x350_q85.jpg", "source": 20, "modified": "2016-01-24T16:27:11.497", "storage_hash": "d26becbf46ac48eda79c7a39a13a02dd"}, "model": "easy_thumbnails.thumbnail"}, {"pk": 52, "fields": {"name": "thumbnails/nabladet/okt89.pdf.jpg.280x350_q85.jpg", "source": 22, "modified": "2016-01-24T16:27:11.830", "storage_hash": "d26becbf46ac48eda79c7a39a13a02dd"}, "model": "easy_thumbnails.thumbnail"}, {"pk": 53, "fields": {"name": "thumbnails/nabladet/des89.pdf.jpg.280x350_q85.jpg", "source": 23, "modified": "2016-01-24T16:27:12.107", "storage_hash": "d26becbf46ac48eda79c7a39a13a02dd"}, "model": "easy_thumbnails.thumbnail"}, {"pk": 54, "fields": {"name": "thumbnails/nabladet/mars88_VjAqC5j.pdf.jpg.280x400_q85.jpg", "source": 20, "modified": "2016-01-24T16:27:19.185", "storage_hash": "d26becbf46ac48eda79c7a39a13a02dd"}, "model": "easy_thumbnails.thumbnail"}, {"pk": 55, "fields": {"name": "thumbnails/nabladet/okt89.pdf.jpg.280x400_q85.jpg", "source": 22, "modified": "2016-01-24T16:27:19.573", "storage_hash": "d26becbf46ac48eda79c7a39a13a02dd"}, "model": "easy_thumbnails.thumbnail"}, {"pk": 56, "fields": {"name": "thumbnails/nabladet/des89.pdf.jpg.280x400_q85.jpg", "source": 23, "modified": "2016-01-24T16:27:19.906", "storage_hash": "d26becbf46ac48eda79c7a39a13a02dd"}, "model": "easy_thumbnails.thumbnail"}, {"pk": 57, "fields": {"name": "thumbnails/nabladet/abakus.png.jpg.280x400_q85.jpg", "source": 21, "modified": "2016-01-24T16:27:56.938", "storage_hash": "d26becbf46ac48eda79c7a39a13a02dd"}, "model": "easy_thumbnails.thumbnail"}, {"pk": 58, "fields": {"name": "thumbnails/nabladet/okt89.pdf.jpg.250x150_q95.jpg", "source": 22, "modified": "2016-01-24T17:53:17.483", "storage_hash": "d26becbf46ac48eda79c7a39a13a02dd"}, "model": "easy_thumbnails.thumbnail"}, {"pk": 59, "fields": {"name": "thumbnails/nabladet/des89.pdf.jpg.250x150_q95.jpg", "source": 23, "modified": "2016-01-24T17:53:17.774", "storage_hash": "d26becbf46ac48eda79c7a39a13a02dd"}, "model": "easy_thumbnails.thumbnail"}, {"pk": 60, "fields": {"name": "thumbnails/uploads/news_pictures/okonomi.jpg.300x300_q85_detail_upscale.jpg", "source": 24, "modified": "2016-01-24T19:07:12.288", "storage_hash": "d26becbf46ac48eda79c7a39a13a02dd"}, "model": "easy_thumbnails.thumbnail"}, {"pk": 61, "fields": {"name": "thumbnails/uploads/news_pictures/okonomi.jpg.370x123_q95_box-0,51,1400,597_detail_upscale.jpg", "source": 24, "modified": "2016-01-24T19:07:29.471", "storage_hash": "d26becbf46ac48eda79c7a39a13a02dd"}, "model": "easy_thumbnails.thumbnail"}, {"pk": 62, "fields": {"name": "thumbnails/uploads/news_pictures/banner.png.370x123_q95_crop-smart_detail_upscale.png", "source": 25, "modified": "2016-01-24T19:07:29.874", "storage_hash": "d26becbf46ac48eda79c7a39a13a02dd"}, "model": "easy_thumbnails.thumbnail"}, {"pk": 63, "fields": {"name": "thumbnails/uploads/news_pictures/okonomi.jpg.370x150_q95_box-0,51,1400,597_detail_upscale.jpg", "source": 24, "modified": "2016-01-24T19:08:03.829", "storage_hash": "d26becbf46ac48eda79c7a39a13a02dd"}, "model": "easy_thumbnails.thumbnail"}, {"pk": 64, "fields": {"name": "thumbnails/uploads/news_pictures/banner.png.370x150_q95_crop-smart_detail_upscale.png", "source": 25, "modified": "2016-01-24T19:08:04.151", "storage_hash": "d26becbf46ac48eda79c7a39a13a02dd"}, "model": "easy_thumbnails.thumbnail"}, {"pk": 65, "fields": {"name": "thumbnails/news_pictures/12033824_10205213013384825_429299839_n.jpg.370x150_q95_box-0,28,249,125_detail_upscale.jpg", "source": 9, "modified": "2016-01-24T19:08:04.473", "storage_hash": "d26becbf46ac48eda79c7a39a13a02dd"}, "model": "easy_thumbnails.thumbnail"}, {"pk": 66, "fields": {"name": "thumbnails/uploads/news_pictures/okonomi.jpg.370x200_q95_box-0,51,1400,597_detail_upscale.jpg", "source": 24, "modified": "2016-01-24T19:08:27.448", "storage_hash": "d26becbf46ac48eda79c7a39a13a02dd"}, "model": "easy_thumbnails.thumbnail"}, {"pk": 67, "fields": {"name": "thumbnails/uploads/news_pictures/banner.png.370x200_q95_crop-smart_detail_upscale.png", "source": 25, "modified": "2016-01-24T19:08:27.770", "storage_hash": "d26becbf46ac48eda79c7a39a13a02dd"}, "model": "easy_thumbnails.thumbnail"}, {"pk": 68, "fields": {"name": "thumbnails/news_pictures/12033824_10205213013384825_429299839_n.jpg.370x200_q95_box-0,28,249,125_detail_upscale.jpg", "source": 9, "modified": "2016-01-24T19:08:28.070", "storage_hash": "d26becbf46ac48eda79c7a39a13a02dd"}, "model": "easy_thumbnails.thumbnail"}, {"pk": 69, "fields": {"name": "thumbnails/uploads/news_pictures/banner.png.300x300_q85_detail_upscale.png", "source": 25, "modified": "2016-01-24T19:18:58.456", "storage_hash": "d26becbf46ac48eda79c7a39a13a02dd"}, "model": "easy_thumbnails.thumbnail"}, {"pk": 70, "fields": {"name": "thumbnails/uploads/news_pictures/gl\u00f8s.jpg.370x200_q95_crop-smart_detail_upscale.jpg", "source": 26, "modified": "2016-01-24T19:19:11.651", "storage_hash": "d26becbf46ac48eda79c7a39a13a02dd"}, "model": "easy_thumbnails.thumbnail"}, {"pk": 71, "fields": {"name": "thumbnails/uploads/news_pictures/okonomi.jpg.350x200_q95_box-0,51,1400,597_detail_upscale.jpg", "source": 24, "modified": "2016-01-24T19:25:27.021", "storage_hash": "d26becbf46ac48eda79c7a39a13a02dd"}, "model": "easy_thumbnails.thumbnail"}, {"pk": 72, "fields": {"name": "thumbnails/uploads/news_pictures/gl\u00f8s.jpg.350x200_q95_crop-smart_detail_upscale.jpg", "source": 26, "modified": "2016-01-24T19:25:27.379", "storage_hash": "d26becbf46ac48eda79c7a39a13a02dd"}, "model": "easy_thumbnails.thumbnail"}, {"pk": 73, "fields": {"name": "thumbnails/uploads/news_pictures/banner.png.350x200_q95_crop-smart_detail_upscale.png", "source": 25, "modified": "2016-01-24T19:25:27.701", "storage_hash": "d26becbf46ac48eda79c7a39a13a02dd"}, "model": "easy_thumbnails.thumbnail"}, {"pk": 74, "fields": {"name": "thumbnails/news_pictures/12033824_10205213013384825_429299839_n.jpg.350x200_q95_box-0,28,249,125_detail_upscale.jpg", "source": 9, "modified": "2016-01-24T19:25:27.979", "storage_hash": "d26becbf46ac48eda79c7a39a13a02dd"}, "model": "easy_thumbnails.thumbnail"}, {"pk": 75, "fields": {"name": "thumbnails/uploads/news_pictures/okonomi.jpg.340x200_q95_box-0,51,1400,597_detail_upscale.jpg", "source": 24, "modified": "2016-01-24T19:25:40.455", "storage_hash": "d26becbf46ac48eda79c7a39a13a02dd"}, "model": "easy_thumbnails.thumbnail"}, {"pk": 76, "fields": {"name": "thumbnails/uploads/news_pictures/gl\u00f8s.jpg.340x200_q95_crop-smart_detail_upscale.jpg", "source": 26, "modified": "2016-01-24T19:25:40.910", "storage_hash": "d26becbf46ac48eda79c7a39a13a02dd"}, "model": "easy_thumbnails.thumbnail"}, {"pk": 77, "fields": {"name": "thumbnails/uploads/news_pictures/banner.png.340x200_q95_crop-smart_detail_upscale.png", "source": 25, "modified": "2016-01-24T19:25:41.524", "storage_hash": "d26becbf46ac48eda79c7a39a13a02dd"}, "model": "easy_thumbnails.thumbnail"}, {"pk": 78, "fields": {"name": "thumbnails/news_pictures/12033824_10205213013384825_429299839_n.jpg.340x200_q95_box-0,28,249,125_detail_upscale.jpg", "source": 9, "modified": "2016-01-24T19:25:41.835", "storage_hash": "d26becbf46ac48eda79c7a39a13a02dd"}, "model": "easy_thumbnails.thumbnail"}, {"pk": 79, "fields": {"name": "thumbnails/uploads/news_pictures/okonomi.jpg.360x200_q95_box-0,51,1400,597_detail_upscale.jpg", "source": 24, "modified": "2016-01-24T19:31:40.565", "storage_hash": "d26becbf46ac48eda79c7a39a13a02dd"}, "model": "easy_thumbnails.thumbnail"}, {"pk": 80, "fields": {"name": "thumbnails/uploads/news_pictures/gl\u00f8s.jpg.360x200_q95_crop-smart_detail_upscale.jpg", "source": 26, "modified": "2016-01-24T19:31:41.089", "storage_hash": "d26becbf46ac48eda79c7a39a13a02dd"}, "model": "easy_thumbnails.thumbnail"}, {"pk": 81, "fields": {"name": "thumbnails/uploads/news_pictures/banner.png.360x200_q95_crop-smart_detail_upscale.png", "source": 25, "modified": "2016-01-24T19:31:41.463", "storage_hash": "d26becbf46ac48eda79c7a39a13a02dd"}, "model": "easy_thumbnails.thumbnail"}, {"pk": 82, "fields": {"name": "thumbnails/news_pictures/12033824_10205213013384825_429299839_n.jpg.360x200_q95_box-0,28,249,125_detail_upscale.jpg", "source": 9, "modified": "2016-01-24T19:31:41.833", "storage_hash": "d26becbf46ac48eda79c7a39a13a02dd"}, "model": "easy_thumbnails.thumbnail"}, {"pk": 83, "fields": {"name": "thumbnails/uploads/news_pictures/banner.png.770x250_q95.png", "source": 25, "modified": "2016-01-24T19:40:38.290", "storage_hash": "d26becbf46ac48eda79c7a39a13a02dd"}, "model": "easy_thumbnails.thumbnail"}, {"pk": 84, "fields": {"name": "thumbnails/uploads/news_pictures/banner.png.770x300_q95.png", "source": 25, "modified": "2016-01-24T19:41:00.222", "storage_hash": "d26becbf46ac48eda79c7a39a13a02dd"}, "model": "easy_thumbnails.thumbnail"}, {"pk": 85, "fields": {"name": "thumbnails/uploads/news_pictures/gl\u00f8s.jpg.770x300_q95.jpg", "source": 26, "modified": "2016-01-24T19:57:27.955", "storage_hash": "d26becbf46ac48eda79c7a39a13a02dd"}, "model": "easy_thumbnails.thumbnail"}, {"pk": 86, "fields": {"name": "thumbnails/uploads/news_pictures/gl\u00f8s.jpg.300x300_q85_detail_upscale.jpg", "source": 26, "modified": "2016-01-24T19:57:49.577", "storage_hash": "d26becbf46ac48eda79c7a39a13a02dd"}, "model": "easy_thumbnails.thumbnail"}, {"pk": 87, "fields": {"name": "thumbnails/uploads/news_pictures/gl\u00f8s.jpg.360x200_q95_box-0,68,1453,634_detail_upscale.jpg", "source": 26, "modified": "2016-01-24T19:58:01.614", "storage_hash": "d26becbf46ac48eda79c7a39a13a02dd"}, "model": "easy_thumbnails.thumbnail"}, {"pk": 88, "fields": {"name": "thumbnails/uploads/news_pictures/gl\u00f8s.jpg.770x300_q95_box-0,68,1453,634.jpg", "source": 26, "modified": "2016-01-24T19:58:05.608", "storage_hash": "d26becbf46ac48eda79c7a39a13a02dd"}, "model": "easy_thumbnails.thumbnail"}, {"pk": 89, "fields": {"name": "thumbnails/uploads/news_pictures/okonomi.jpg.770x300_q95_box-0,51,1400,597.jpg", "source": 24, "modified": "2016-01-24T19:58:27.973", "storage_hash": "d26becbf46ac48eda79c7a39a13a02dd"}, "model": "easy_thumbnails.thumbnail"}, {"pk": 90, "fields": {"name": "thumbnails/uploads/news_pictures/okonomi.jpg.760x300_q95_box-0,51,1400,597_detail_upscale.jpg", "source": 24, "modified": "2016-01-25T00:33:02.812", "storage_hash": "d26becbf46ac48eda79c7a39a13a02dd"}, "model": "easy_thumbnails.thumbnail"}, {"pk": 91, "fields": {"name": "thumbnails/news_pictures/abakus.png.770x300_q95_box-0,437,600,671.png", "source": 8, "modified": "2016-01-25T00:35:53.426", "storage_hash": "d26becbf46ac48eda79c7a39a13a02dd"}, "model": "easy_thumbnails.thumbnail"}, {"pk": 92, "fields": {"name": "thumbnails/uploads/content/lotr.jpg.770x250_q95.jpg", "source": 27, "modified": "2016-02-02T22:03:07.965", "storage_hash": "d26becbf46ac48eda79c7a39a13a02dd"}, "model": "easy_thumbnails.thumbnail"}, {"pk": 93, "fields": {"name": "thumbnails/uploads/content/abakus.png.770x250_q95.png", "source": 28, "modified": "2016-02-02T22:03:13.672", "storage_hash": "d26becbf46ac48eda79c7a39a13a02dd"}, "model": "easy_thumbnails.thumbnail"}, {"pk": 94, "fields": {"name": "thumbnails/uploads/content/\u00c5nders_FokLdoK.png.770x250_q95.png", "source": 29, "modified": "2016-02-02T22:03:14.138", "storage_hash": "d26becbf46ac48eda79c7a39a13a02dd"}, "model": "easy_thumbnails.thumbnail"}, {"pk": 95, "fields": {"name": "thumbnails/uploads/news_pictures/gl\u00f8s.jpg.370x123_q95_box-0,68,1453,634_detail_upscale.jpg", "source": 26, "modified": "2016-02-02T22:21:23.127", "storage_hash": "d26becbf46ac48eda79c7a39a13a02dd"}, "model": "easy_thumbnails.thumbnail"}, {"pk": 96, "fields": {"name": "thumbnails/news_pictures/abakus.png.360x200_q95_box-0,437,600,671_detail_upscale.png", "source": 8, "modified": "2016-02-02T22:53:39.349", "storage_hash": "d26becbf46ac48eda79c7a39a13a02dd"}, "model": "easy_thumbnails.thumbnail"}, {"pk": 97, "fields": {"name": "thumbnails/news_pictures/abakus.png.150x150_q85.png", "source": 8, "modified": "2016-02-02T23:05:29.515", "storage_hash": "d26becbf46ac48eda79c7a39a13a02dd"}, "model": "easy_thumbnails.thumbnail"}, {"pk": 98, "fields": {"name": "thumbnails/news_pictures/12033824_10205213013384825_429299839_n.jpg.150x150_q85.jpg", "source": 9, "modified": "2016-02-02T23:05:29.837", "storage_hash": "d26becbf46ac48eda79c7a39a13a02dd"}, "model": "easy_thumbnails.thumbnail"}, {"pk": 1, "fields": {"app_label": "news", "model": "news"}, "model": "contenttypes.contenttype"}, {"pk": 2, "fields": {"app_label": "accounts", "model": "nablauser"}, "model": "contenttypes.contenttype"}, {"pk": 3, "fields": {"app_label": "accounts", "model": "nablagroup"}, "model": "contenttypes.contenttype"}, {"pk": 4, "fields": {"app_label": "accounts", "model": "fysmatclass"}, "model": "contenttypes.contenttype"}, {"pk": 5, "fields": {"app_label": "events", "model": "event"}, "model": "contenttypes.contenttype"}, {"pk": 6, "fields": {"app_label": "events", "model": "eventregistration"}, "model": "contenttypes.contenttype"}, {"pk": 7, "fields": {"app_label": "jobs", "model": "yearchoices"}, "model": "contenttypes.contenttype"}, {"pk": 8, "fields": {"app_label": "jobs", "model": "relevantforchoices"}, "model": "contenttypes.contenttype"}, {"pk": 9, "fields": {"app_label": "jobs", "model": "tagchoices"}, "model": "contenttypes.contenttype"}, {"pk": 10, "fields": {"app_label": "jobs", "model": "company"}, "model": "contenttypes.contenttype"}, {"pk": 11, "fields": {"app_label": "jobs", "model": "advert"}, "model": "contenttypes.contenttype"}, {"pk": 12, "fields": {"app_label": "bedpres", "model": "bedpres"}, "model": "contenttypes.contenttype"}, {"pk": 13, "fields": {"app_label": "com", "model": "compage"}, "model": "contenttypes.contenttype"}, {"pk": 14, "fields": {"app_label": "com", "model": "commembership"}, "model": "contenttypes.contenttype"}, {"pk": 15, "fields": {"app_label": "nabladet", "model": "nablad"}, "model": "contenttypes.contenttype"}, {"pk": 16, "fields": {"app_label": "meeting_records", "model": "meetingrecord"}, "model": "contenttypes.contenttype"}, {"pk": 17, "fields": {"app_label": "poll", "model": "poll"}, "model": "contenttypes.contenttype"}, {"pk": 18, "fields": {"app_label": "poll", "model": "choice"}, "model": "contenttypes.contenttype"}, {"pk": 19, "fields": {"app_label": "podcast", "model": "podcast"}, "model": "contenttypes.contenttype"}, {"pk": 20, "fields": {"app_label": "sessionprofile", "model": "sessionprofile"}, "model": "contenttypes.contenttype"}, {"pk": 21, "fields": {"app_label": "easy_thumbnails", "model": "source"}, "model": "contenttypes.contenttype"}, {"pk": 22, "fields": {"app_label": "easy_thumbnails", "model": "thumbnail"}, "model": "contenttypes.contenttype"}, {"pk": 23, "fields": {"app_label": "easy_thumbnails", "model": "thumbnaildimensions"}, "model": "contenttypes.contenttype"}, {"pk": 24, "fields": {"app_label": "django_comments", "model": "comment"}, "model": "contenttypes.contenttype"}, {"pk": 25, "fields": {"app_label": "django_comments", "model": "commentflag"}, "model": "contenttypes.contenttype"}, {"pk": 26, "fields": {"app_label": "auth", "model": "permission"}, "model": "contenttypes.contenttype"}, {"pk": 27, "fields": {"app_label": "auth", "model": "group"}, "model": "contenttypes.contenttype"}, {"pk": 28, "fields": {"app_label": "contenttypes", "model": "contenttype"}, "model": "contenttypes.contenttype"}, {"pk": 29, "fields": {"app_label": "sessions", "model": "session"}, "model": "contenttypes.contenttype"}, {"pk": 30, "fields": {"app_label": "sites", "model": "site"}, "model": "contenttypes.contenttype"}, {"pk": 31, "fields": {"app_label": "admin", "model": "logentry"}, "model": "contenttypes.contenttype"}, {"pk": 32, "fields": {"app_label": "flatpages", "model": "flatpage"}, "model": "contenttypes.contenttype"}, {"pk": 33, "fields": {"app_label": "django_nyt", "model": "notificationtype"}, "model": "contenttypes.contenttype"}, {"pk": 34, "fields": {"app_label": "django_nyt", "model": "settings"}, "model": "contenttypes.contenttype"}, {"pk": 35, "fields": {"app_label": "django_nyt", "model": "subscription"}, "model": "contenttypes.contenttype"}, {"pk": 36, "fields": {"app_label": "django_nyt", "model": "notification"}, "model": "contenttypes.contenttype"}, {"pk": 37, "fields": {"app_label": "thumbnail", "model": "kvstore"}, "model": "contenttypes.contenttype"}, {"pk": 38, "fields": {"app_label": "wiki", "model": "article"}, "model": "contenttypes.contenttype"}, {"pk": 39, "fields": {"app_label": "wiki", "model": "articleforobject"}, "model": "contenttypes.contenttype"}, {"pk": 40, "fields": {"app_label": "wiki", "model": "articlerevision"}, "model": "contenttypes.contenttype"}, {"pk": 41, "fields": {"app_label": "wiki", "model": "articleplugin"}, "model": "contenttypes.contenttype"}, {"pk": 42, "fields": {"app_label": "wiki", "model": "reusableplugin"}, "model": "contenttypes.contenttype"}, {"pk": 43, "fields": {"app_label": "wiki", "model": "simpleplugin"}, "model": "contenttypes.contenttype"}, {"pk": 44, "fields": {"app_label": "wiki", "model": "revisionplugin"}, "model": "contenttypes.contenttype"}, {"pk": 45, "fields": {"app_label": "wiki", "model": "revisionpluginrevision"}, "model": "contenttypes.contenttype"}, {"pk": 46, "fields": {"app_label": "wiki", "model": "urlpath"}, "model": "contenttypes.contenttype"}, {"pk": 47, "fields": {"app_label": "wiki_attachments", "model": "attachment"}, "model": "contenttypes.contenttype"}, {"pk": 48, "fields": {"app_label": "wiki_attachments", "model": "attachmentrevision"}, "model": "contenttypes.contenttype"}, {"pk": 49, "fields": {"app_label": "wiki_notifications", "model": "articlesubscription"}, "model": "contenttypes.contenttype"}, {"pk": 50, "fields": {"app_label": "wiki_images", "model": "image"}, "model": "contenttypes.contenttype"}, {"pk": 51, "fields": {"app_label": "wiki_images", "model": "imagerevision"}, "model": "contenttypes.contenttype"}, {"pk": 52, "fields": {"app_label": "content", "model": "albumimage"}, "model": "contenttypes.contenttype"}, {"pk": 53, "fields": {"app_label": "content", "model": "album"}, "model": "contenttypes.contenttype"}, {"pk": 54, "fields": {"app_label": "podcast", "model": "season"}, "model": "contenttypes.contenttype"}, {"pk": 55, "fields": {"app_label": "content", "model": "news"}, "model": "contenttypes.contenttype"}, {"pk": 56, "fields": {"app_label": "content", "model": "eventregistration"}, "model": "contenttypes.contenttype"}, {"pk": 57, "fields": {"app_label": "content", "model": "event"}, "model": "contenttypes.contenttype"}, {"pk": 58, "fields": {"app_label": "com", "model": "committee"}, "model": "contenttypes.contenttype"}, {"pk": 59, "fields": {"app_label": "content", "model": "archive"}, "model": "contenttypes.contenttype"}, {"pk": 60, "fields": {"app_label": "content", "model": "archiveentry"}, "model": "contenttypes.contenttype"}, {"pk": 61, "fields": {"app_label": "accounts", "model": "registrationrequest"}, "model": "contenttypes.contenttype"}, {"pk": 62, "fields": {"app_label": "content", "model": "blog"}, "model": "contenttypes.contenttype"}, {"pk": 63, "fields": {"app_label": "content", "model": "blogpost"}, "model": "contenttypes.contenttype"}, {"pk": 64, "fields": {"app_label": "interactive", "model": "adventdoor"}, "model": "contenttypes.contenttype"}, {"pk": 65, "fields": {"app_label": "interactive", "model": "adventcalendar"}, "model": "contenttypes.contenttype"}, {"pk": 66, "fields": {"app_label": "interactive", "model": "quizquestion"}, "model": "contenttypes.contenttype"}, {"pk": 67, "fields": {"app_label": "interactive", "model": "quiz"}, "model": "contenttypes.contenttype"}, {"pk": 68, "fields": {"app_label": "interactive", "model": "questionreply"}, "model": "contenttypes.contenttype"}, {"pk": 69, "fields": {"app_label": "interactive", "model": "quizreply"}, "model": "contenttypes.contenttype"}, {"pk": 70, "fields": {"app_label": "interactive", "model": "quizscoreboard"}, "model": "contenttypes.contenttype"}, {"pk": 71, "fields": {"app_label": "content", "model": "contentimage"}, "model": "contenttypes.contenttype"}, {"pk": 72, "fields": {"app_label": "accounts", "model": "likepress"}, "model": "contenttypes.contenttype"}, {"pk": 73, "fields": {"app_label": "interactive", "model": "adventparticipation"}, "model": "contenttypes.contenttype"}, {"pk": 74, "fields": {"app_label": "content", "model": "splashconfig"}, "model": "contenttypes.contenttype"}, {"pk": 75, "fields": {"app_label": "interactive", "model": "test"}, "model": "contenttypes.contenttype"}, {"pk": 76, "fields": {"app_label": "interactive", "model": "testquestion"}, "model": "contenttypes.contenttype"}, {"pk": 77, "fields": {"app_label": "interactive", "model": "testquestionalternative"}, "model": "contenttypes.contenttype"}, {"pk": 78, "fields": {"app_label": "interactive", "model": "testresult"}, "model": "contenttypes.contenttype"}, {"pk": 79, "fields": {"app_label": "nablaweb", "model": "generaloptions"}, "model": "contenttypes.contenttype"}, {"pk": "0183sktooxl36bckv3ff3xknguqbne7p", "fields": {"expire_date": "2015-10-17T17:54:40.437", "session_data": "OTg5ODY2MTJjODA1NTQwNzVjOGQ4MjM1Mzc1MTJiZDU4YWZjY2UwOTp7Il9hdXRoX3VzZXJfYmFja2VuZCI6ImRqYW5nby5jb250cmliLmF1dGguYmFja2VuZHMuTW9kZWxCYWNrZW5kIiwiX2F1dGhfdXNlcl9pZCI6IjEiLCJfYXV0aF91c2VyX2hhc2giOiJiYTIzNjE4YjJhMTIwNDZjMzM3OWNiMGJjMDg4OWM5YTUxOTY3NTAyIn0="}, "model": "sessions.session"}, {"pk": "15i0vaij86w6uohnsf2wmthvloh0yh8k", "fields": {"expire_date": "2015-10-27T20:46:27.334", "session_data": "ZTVhMTg3MTQ0ZTE4MDg5ZTJmNGM4YTgyOGU1OWYxMzIxNDU0OTUxZDp7Il9hdXRoX3VzZXJfaWQiOiIxIiwiX2F1dGhfdXNlcl9oYXNoIjoiYmEyMzYxOGIyYTEyMDQ2YzMzNzljYjBiYzA4ODljOWE1MTk2NzUwMiIsIl9hdXRoX3VzZXJfYmFja2VuZCI6ImRqYW5nby5jb250cmliLmF1dGguYmFja2VuZHMuTW9kZWxCYWNrZW5kIn0="}, "model": "sessions.session"}, {"pk": "1nuczp7faj5z8gr15nfkbejvkp3a5uzn", "fields": {"expire_date": "2015-08-25T18:07:35.554", "session_data": "OTMzNjIzZWQyODBkZDc2MDg0MzZmMDYxZTY2NzFjOTdjNzk1YjA4NTp7Il9hdXRoX3VzZXJfaGFzaCI6ImJhMjM2MThiMmExMjA0NmMzMzc5Y2IwYmMwODg5YzlhNTE5Njc1MDIiLCJfYXV0aF91c2VyX2JhY2tlbmQiOiJkamFuZ28uY29udHJpYi5hdXRoLmJhY2tlbmRzLk1vZGVsQmFja2VuZCIsIl9hdXRoX3VzZXJfaWQiOiIxIn0="}, "model": "sessions.session"}, {"pk": "33ve8cvre0o1yh4njouf7oq5cz5z808w", "fields": {"expire_date": "2016-01-17T17:06:12.644", "session_data": "YzQzMDBiMTIyZWNkYzdiNDNjMTQ3YjcwMGE3NTNkOWMxM2MyOWIzNTp7Il9hdXRoX3VzZXJfaGFzaCI6ImJhMjM2MThiMmExMjA0NmMzMzc5Y2IwYmMwODg5YzlhNTE5Njc1MDIiLCJfYXV0aF91c2VyX2lkIjoiMSIsIl9hdXRoX3VzZXJfYmFja2VuZCI6ImRqYW5nby5jb250cmliLmF1dGguYmFja2VuZHMuTW9kZWxCYWNrZW5kIn0="}, "model": "sessions.session"}, {"pk": "c8cq4ltdfpjzvekdr3pj4giq0cuoau1r", "fields": {"expire_date": "2015-09-30T13:36:10.837", "session_data": "OTMzNjIzZWQyODBkZDc2MDg0MzZmMDYxZTY2NzFjOTdjNzk1YjA4NTp7Il9hdXRoX3VzZXJfaGFzaCI6ImJhMjM2MThiMmExMjA0NmMzMzc5Y2IwYmMwODg5YzlhNTE5Njc1MDIiLCJfYXV0aF91c2VyX2JhY2tlbmQiOiJkamFuZ28uY29udHJpYi5hdXRoLmJhY2tlbmRzLk1vZGVsQmFja2VuZCIsIl9hdXRoX3VzZXJfaWQiOiIxIn0="}, "model": "sessions.session"}, {"pk": "gxppsz3pfkbe5hcf23rrgb247el0nyxo", "fields": {"expire_date": "2015-09-14T20:04:42.443", "session_data": "YmU5OTg2MzlkYmNmZmYwMzBlMGFjZTU3MmZjN2MxNzUwOTIyYWNhYjp7Il9hdXRoX3VzZXJfaWQiOiIxIiwiX2F1dGhfdXNlcl9iYWNrZW5kIjoiZGphbmdvLmNvbnRyaWIuYXV0aC5iYWNrZW5kcy5Nb2RlbEJhY2tlbmQiLCJfYXV0aF91c2VyX2hhc2giOiJiYTIzNjE4YjJhMTIwNDZjMzM3OWNiMGJjMDg4OWM5YTUxOTY3NTAyIn0="}, "model": "sessions.session"}, {"pk": "h6rfvccq1ec05agrpp0zro55ixglzs6n", "fields": {"expire_date": "2015-09-03T11:48:07.714", "session_data": "YmU5OTg2MzlkYmNmZmYwMzBlMGFjZTU3MmZjN2MxNzUwOTIyYWNhYjp7Il9hdXRoX3VzZXJfaWQiOiIxIiwiX2F1dGhfdXNlcl9iYWNrZW5kIjoiZGphbmdvLmNvbnRyaWIuYXV0aC5iYWNrZW5kcy5Nb2RlbEJhY2tlbmQiLCJfYXV0aF91c2VyX2hhc2giOiJiYTIzNjE4YjJhMTIwNDZjMzM3OWNiMGJjMDg4OWM5YTUxOTY3NTAyIn0="}, "model": "sessions.session"}, {"pk": "jvx35o842uhrjaf8oghje0ksmqq8m12s", "fields": {"expire_date": "2016-02-03T22:57:48.739", "session_data": "YzQzMDBiMTIyZWNkYzdiNDNjMTQ3YjcwMGE3NTNkOWMxM2MyOWIzNTp7Il9hdXRoX3VzZXJfaGFzaCI6ImJhMjM2MThiMmExMjA0NmMzMzc5Y2IwYmMwODg5YzlhNTE5Njc1MDIiLCJfYXV0aF91c2VyX2lkIjoiMSIsIl9hdXRoX3VzZXJfYmFja2VuZCI6ImRqYW5nby5jb250cmliLmF1dGguYmFja2VuZHMuTW9kZWxCYWNrZW5kIn0="}, "model": "sessions.session"}, {"pk": "jwe4r0cwbfe23nhxv2v4sy26d4medqym", "fields": {"expire_date": "2015-10-21T14:56:16.207", "session_data": "OTg5ODY2MTJjODA1NTQwNzVjOGQ4MjM1Mzc1MTJiZDU4YWZjY2UwOTp7Il9hdXRoX3VzZXJfYmFja2VuZCI6ImRqYW5nby5jb250cmliLmF1dGguYmFja2VuZHMuTW9kZWxCYWNrZW5kIiwiX2F1dGhfdXNlcl9pZCI6IjEiLCJfYXV0aF91c2VyX2hhc2giOiJiYTIzNjE4YjJhMTIwNDZjMzM3OWNiMGJjMDg4OWM5YTUxOTY3NTAyIn0="}, "model": "sessions.session"}, {"pk": "k5u5vwj7dga8utjejbs23zz4ck89mrey", "fields": {"expire_date": "2015-09-28T20:44:22.006", "session_data": "YmU5OTg2MzlkYmNmZmYwMzBlMGFjZTU3MmZjN2MxNzUwOTIyYWNhYjp7Il9hdXRoX3VzZXJfaWQiOiIxIiwiX2F1dGhfdXNlcl9iYWNrZW5kIjoiZGphbmdvLmNvbnRyaWIuYXV0aC5iYWNrZW5kcy5Nb2RlbEJhY2tlbmQiLCJfYXV0aF91c2VyX2hhc2giOiJiYTIzNjE4YjJhMTIwNDZjMzM3OWNiMGJjMDg4OWM5YTUxOTY3NTAyIn0="}, "model": "sessions.session"}, {"pk": "mgi4f63ur2f2mbftpzr69pe413elb2h3", "fields": {"expire_date": "2015-08-21T17:47:44.717", "session_data": "YjY4ODk2NDY0OTBlZGRhZTU5NjQ3MDk2NjhiNmE5ZmJlMGI5ODAzODp7Il9hdXRoX3VzZXJfaGFzaCI6Ijg3ZGFjODg0OTczNWQ5ZDUzZjc5ZWJmODJjM2YxNDY1NjBhZDE3NzIiLCJfYXV0aF91c2VyX2lkIjoxLCJfYXV0aF91c2VyX2JhY2tlbmQiOiJkamFuZ28uY29udHJpYi5hdXRoLmJhY2tlbmRzLk1vZGVsQmFja2VuZCJ9"}, "model": "sessions.session"}, {"pk": "mj7ofoxj8l26p3km3mte4lh1f7a2z84k", "fields": {"expire_date": "2015-09-03T17:06:49.830", "session_data": "OTMzNjIzZWQyODBkZDc2MDg0MzZmMDYxZTY2NzFjOTdjNzk1YjA4NTp7Il9hdXRoX3VzZXJfaGFzaCI6ImJhMjM2MThiMmExMjA0NmMzMzc5Y2IwYmMwODg5YzlhNTE5Njc1MDIiLCJfYXV0aF91c2VyX2JhY2tlbmQiOiJkamFuZ28uY29udHJpYi5hdXRoLmJhY2tlbmRzLk1vZGVsQmFja2VuZCIsIl9hdXRoX3VzZXJfaWQiOiIxIn0="}, "model": "sessions.session"}, {"pk": "n4c3ca3qi0st5k8fg25mlnvhwblxk0k4", "fields": {"expire_date": "2015-12-07T12:09:44.246", "session_data": "YmU5OTg2MzlkYmNmZmYwMzBlMGFjZTU3MmZjN2MxNzUwOTIyYWNhYjp7Il9hdXRoX3VzZXJfaWQiOiIxIiwiX2F1dGhfdXNlcl9iYWNrZW5kIjoiZGphbmdvLmNvbnRyaWIuYXV0aC5iYWNrZW5kcy5Nb2RlbEJhY2tlbmQiLCJfYXV0aF91c2VyX2hhc2giOiJiYTIzNjE4YjJhMTIwNDZjMzM3OWNiMGJjMDg4OWM5YTUxOTY3NTAyIn0="}, "model": "sessions.session"}, {"pk": "pvdo3z8ycquu7c066cj423z93nfektdh", "fields": {"expire_date": "2016-01-19T19:06:56.477", "session_data": "YmU5OTg2MzlkYmNmZmYwMzBlMGFjZTU3MmZjN2MxNzUwOTIyYWNhYjp7Il9hdXRoX3VzZXJfaWQiOiIxIiwiX2F1dGhfdXNlcl9iYWNrZW5kIjoiZGphbmdvLmNvbnRyaWIuYXV0aC5iYWNrZW5kcy5Nb2RlbEJhY2tlbmQiLCJfYXV0aF91c2VyX2hhc2giOiJiYTIzNjE4YjJhMTIwNDZjMzM3OWNiMGJjMDg4OWM5YTUxOTY3NTAyIn0="}, "model": "sessions.session"}, {"pk": "q0rt4byogky2nu8fylcbm7p35rwvgvfb", "fields": {"expire_date": "2015-10-24T11:01:35.519", "session_data": "OTMzNjIzZWQyODBkZDc2MDg0MzZmMDYxZTY2NzFjOTdjNzk1YjA4NTp7Il9hdXRoX3VzZXJfaGFzaCI6ImJhMjM2MThiMmExMjA0NmMzMzc5Y2IwYmMwODg5YzlhNTE5Njc1MDIiLCJfYXV0aF91c2VyX2JhY2tlbmQiOiJkamFuZ28uY29udHJpYi5hdXRoLmJhY2tlbmRzLk1vZGVsQmFja2VuZCIsIl9hdXRoX3VzZXJfaWQiOiIxIn0="}, "model": "sessions.session"}, {"pk": "qupcyjxocl0ey9hzhd42mpi5tfra5nx9", "fields": {"expire_date": "2015-08-23T14:45:47.833", "session_data": "Mjk5MWRjZTNhNmNiNzk2NTFiYTc0NDE1MDFlOWI3OTg5NzJmODdkYTp7Il9hdXRoX3VzZXJfaGFzaCI6Ijg3ZGFjODg0OTczNWQ5ZDUzZjc5ZWJmODJjM2YxNDY1NjBhZDE3NzIiLCJfYXV0aF91c2VyX2JhY2tlbmQiOiJkamFuZ28uY29udHJpYi5hdXRoLmJhY2tlbmRzLk1vZGVsQmFja2VuZCIsIl9hdXRoX3VzZXJfaWQiOjF9"}, "model": "sessions.session"}, {"pk": "r02lsf9y87vcxsmx10z39fwjlu3kq1fa", "fields": {"expire_date": "2015-09-15T16:41:19.715", "session_data": "YzQzMDBiMTIyZWNkYzdiNDNjMTQ3YjcwMGE3NTNkOWMxM2MyOWIzNTp7Il9hdXRoX3VzZXJfaGFzaCI6ImJhMjM2MThiMmExMjA0NmMzMzc5Y2IwYmMwODg5YzlhNTE5Njc1MDIiLCJfYXV0aF91c2VyX2lkIjoiMSIsIl9hdXRoX3VzZXJfYmFja2VuZCI6ImRqYW5nby5jb250cmliLmF1dGguYmFja2VuZHMuTW9kZWxCYWNrZW5kIn0="}, "model": "sessions.session"}, {"pk": "shcfy16n98l4qpuap3yycumep2m7hudy", "fields": {"expire_date": "2015-12-21T21:00:04.359", "session_data": "MzhmN2ZiMTM5NTc1MDU3YjUwYzU2NDQ1ZDMyYjA2ZjIwY2YxZWMxNzp7Il9hdXRoX3VzZXJfaWQiOiIzIiwiX2F1dGhfdXNlcl9iYWNrZW5kIjoiZGphbmdvLmNvbnRyaWIuYXV0aC5iYWNrZW5kcy5Nb2RlbEJhY2tlbmQiLCJfYXV0aF91c2VyX2hhc2giOiIzMGIxMGU4ZmY4ZDk3N2U5MTA1MTM5Y2ExZWI4ZjY1MTJkMzEwMTNiIn0="}, "model": "sessions.session"}, {"pk": "trwvgtwgh5l7agwbki15dap27q5fkmzx", "fields": {"expire_date": "2015-05-22T19:53:34.089", "session_data": "M2RhZDA2MGJjNWRlMWE5ODZlOGE1YTRkYzUyYzUxZTRiZDFlNGUwMjp7Il9hdXRoX3VzZXJfYmFja2VuZCI6ImRqYW5nby5jb250cmliLmF1dGguYmFja2VuZHMuTW9kZWxCYWNrZW5kIiwiX2F1dGhfdXNlcl9oYXNoIjoiODdkYWM4ODQ5NzM1ZDlkNTNmNzllYmY4MmMzZjE0NjU2MGFkMTc3MiIsIl9hdXRoX3VzZXJfaWQiOjF9"}, "model": "sessions.session"}, {"pk": "uqors87juh820vg4sm82f6wrbkmbg3kp", "fields": {"expire_date": "2016-02-07T00:25:29.070", "session_data": "MTc1MDBjNDFkZjU4MjQyYTU1MzVlMzg0ODJkZDk0ZGM3NDYwODBmMDp7Il9hdXRoX3VzZXJfYmFja2VuZCI6ImRqYW5nby5jb250cmliLmF1dGguYmFja2VuZHMuTW9kZWxCYWNrZW5kIiwiX2F1dGhfdXNlcl9oYXNoIjoiYmEyMzYxOGIyYTEyMDQ2YzMzNzljYjBiYzA4ODljOWE1MTk2NzUwMiIsIl9hdXRoX3VzZXJfaWQiOiIxIn0="}, "model": "sessions.session"}, {"pk": "vqsbmj86bjkpkpq09reg4drfo4dttmpt", "fields": {"expire_date": "2016-01-19T16:25:22.679", "session_data": "OTg5ODY2MTJjODA1NTQwNzVjOGQ4MjM1Mzc1MTJiZDU4YWZjY2UwOTp7Il9hdXRoX3VzZXJfYmFja2VuZCI6ImRqYW5nby5jb250cmliLmF1dGguYmFja2VuZHMuTW9kZWxCYWNrZW5kIiwiX2F1dGhfdXNlcl9pZCI6IjEiLCJfYXV0aF91c2VyX2hhc2giOiJiYTIzNjE4YjJhMTIwNDZjMzM3OWNiMGJjMDg4OWM5YTUxOTY3NTAyIn0="}, "model": "sessions.session"}, {"pk": "vz6kdad0ijq8f8sopn1o92mnvc0pg0u5", "fields": {"expire_date": "2015-10-17T10:31:52.232", "session_data": "MTc1MDBjNDFkZjU4MjQyYTU1MzVlMzg0ODJkZDk0ZGM3NDYwODBmMDp7Il9hdXRoX3VzZXJfYmFja2VuZCI6ImRqYW5nby5jb250cmliLmF1dGguYmFja2VuZHMuTW9kZWxCYWNrZW5kIiwiX2F1dGhfdXNlcl9oYXNoIjoiYmEyMzYxOGIyYTEyMDQ2YzMzNzljYjBiYzA4ODljOWE1MTk2NzUwMiIsIl9hdXRoX3VzZXJfaWQiOiIxIn0="}, "model": "sessions.session"}, {"pk": "wih4ckynoiit2i2b69swk7anrnmbqv4b", "fields": {"expire_date": "2015-08-25T17:45:18.285", "session_data": "YzQzMDBiMTIyZWNkYzdiNDNjMTQ3YjcwMGE3NTNkOWMxM2MyOWIzNTp7Il9hdXRoX3VzZXJfaGFzaCI6ImJhMjM2MThiMmExMjA0NmMzMzc5Y2IwYmMwODg5YzlhNTE5Njc1MDIiLCJfYXV0aF91c2VyX2lkIjoiMSIsIl9hdXRoX3VzZXJfYmFja2VuZCI6ImRqYW5nby5jb250cmliLmF1dGguYmFja2VuZHMuTW9kZWxCYWNrZW5kIn0="}, "model": "sessions.session"}, {"pk": "y2aouoeodtuvlefqc7i2pmhsw4nrget0", "fields": {"expire_date": "2015-11-21T17:07:56.009", "session_data": "MTc1MDBjNDFkZjU4MjQyYTU1MzVlMzg0ODJkZDk0ZGM3NDYwODBmMDp7Il9hdXRoX3VzZXJfYmFja2VuZCI6ImRqYW5nby5jb250cmliLmF1dGguYmFja2VuZHMuTW9kZWxCYWNrZW5kIiwiX2F1dGhfdXNlcl9oYXNoIjoiYmEyMzYxOGIyYTEyMDQ2YzMzNzljYjBiYzA4ODljOWE1MTk2NzUwMiIsIl9hdXRoX3VzZXJfaWQiOiIxIn0="}, "model": "sessions.session"}, {"pk": "yxa6cvqnkxuj6tnwq9ibdj1mwclfhnt0", "fields": {"expire_date": "2015-10-19T12:34:02.326", "session_data": "OTMzNjIzZWQyODBkZDc2MDg0MzZmMDYxZTY2NzFjOTdjNzk1YjA4NTp7Il9hdXRoX3VzZXJfaGFzaCI6ImJhMjM2MThiMmExMjA0NmMzMzc5Y2IwYmMwODg5YzlhNTE5Njc1MDIiLCJfYXV0aF91c2VyX2JhY2tlbmQiOiJkamFuZ28uY29udHJpYi5hdXRoLmJhY2tlbmRzLk1vZGVsQmFja2VuZCIsIl9hdXRoX3VzZXJfaWQiOiIxIn0="}, "model": "sessions.session"}, {"pk": "z8ya3md79r1zn0zevz9jhdx03vucm1fg", "fields": {"expire_date": "2015-10-11T18:40:39.032", "session_data": "MTc1MDBjNDFkZjU4MjQyYTU1MzVlMzg0ODJkZDk0ZGM3NDYwODBmMDp7Il9hdXRoX3VzZXJfYmFja2VuZCI6ImRqYW5nby5jb250cmliLmF1dGguYmFja2VuZHMuTW9kZWxCYWNrZW5kIiwiX2F1dGhfdXNlcl9oYXNoIjoiYmEyMzYxOGIyYTEyMDQ2YzMzNzljYjBiYzA4ODljOWE1MTk2NzUwMiIsIl9hdXRoX3VzZXJfaWQiOiIxIn0="}, "model": "sessions.session"}, {"pk": "zwz21sb3cjl1c7g14r4neec8iypys4mj", "fields": {"expire_date": "2015-09-28T20:05:49.272", "session_data": "MTc1MDBjNDFkZjU4MjQyYTU1MzVlMzg0ODJkZDk0ZGM3NDYwODBmMDp7Il9hdXRoX3VzZXJfYmFja2VuZCI6ImRqYW5nby5jb250cmliLmF1dGguYmFja2VuZHMuTW9kZWxCYWNrZW5kIiwiX2F1dGhfdXNlcl9oYXNoIjoiYmEyMzYxOGIyYTEyMDQ2YzMzNzljYjBiYzA4ODljOWE1MTk2NzUwMiIsIl9hdXRoX3VzZXJfaWQiOiIxIn0="}, "model": "sessions.session"}, {"pk": 1, "fields": {"name": "localhost", "domain": "127.0.0.1:1337"}, "model": "sites.site"}, {"pk": 1, "fields": {"url": "/skraattcast/", "registration_required": false, "enable_comments": false, "title": "Skr\u00e5ttcast", "sites": [1], "template_name": "", "content": "Bla bla bla"}, "model": "flatpages.flatpage"}, {"pk": 2, "fields": {"url": "/forsideinfo/", "registration_required": false, "enable_comments": false, "title": "Forsideinfo", "sites": [1], "template_name": "", "content": "<!-- Diverse knapper som skal v\u00e6re lette \u00e5 se for ikke-komponenter -->\r\n<div class=\"btn-group\">\r\n<a class=\"btn btn-large btn-info\" href=\"/bedriftskontakten/\">Bedriftskontakten</a>\r\n<a class=\"btn btn-large btn-info\" href=\"/nystudent/\">For nye studenter</a>\r\n<a class=\"btn btn-large btn-info\" href=\"http://bokskap.nabla.no/\">Bokskap</a>\r\n</div>\r\n\r\n<br/>\r\n\r\n<div id=\"fb-root\"></div>\r\n<script>(function(d, s, id) {\r\n  var js, fjs = d.getElementsByTagName(s)[0];\r\n  if (d.getElementById(id)) return;\r\n  js = d.createElement(s); js.id = id;\r\n  js.src = \"//connect.facebook.net/nb_NO/sdk.js#xfbml=1&version=v2.3\";\r\n  fjs.parentNode.insertBefore(js, fjs);\r\n}(document, 'script', 'facebook-jssdk'));</script>\r\n<div class=\"fb-like\" data-href=\"https://www.facebook.com/nablantnu\" data-layout=\"button\" data-action=\"like\" data-show-faces=\"true\" data-share=\"false\"></div>\r\n\r\n<p>Nabla er linjeforeningen for sivilingeni\u00f8rprogrammet <b>Fysikk og matematikk</b> p\u00e5 NTNU. Du kan lese mer om studiet p\u00e5 <a href=\"http://www.ntnu.no/studier/mtfyma\">NTNU sine nettsider</a>.\r\nP\u00e5 denne nettsiden finner du informasjon om studiet, linjeforeningen, og hva som foreg\u00e5r. Ta gjerne turen innom nablakontoret i kontortida for kaffe, vafler og en hyggelig prat.\r\nVi selger ogs\u00e5 <a href=\" https://nabla.no/om/kompendier/\">kompendier</a>\r\n<br>\r\n<h4>Kontortider:</h4>\r\n<dl>\r\n    <dt>Mandag</dt>\r\n    <dd>11.00</dd>\r\n\r\n    <dt>Torsdag</dt>\r\n    <dd>11.00</dd>\r\n</dl>\r\n\r\n\r\n<div class=\"center\">\r\n    <img src=\"/static/img/sponsorer.png\" alt=\"CMR\" style=\"width: 100%;\">\r\n</div>\r\n"}, "model": "flatpages.flatpage"}, {"pk": "article_edit", "fields": {"label": null, "content_type": 38}, "model": "django_nyt.notificationtype"}, {"pk": 1, "fields": {"settings": 1, "latest": 1, "notification_type": "article_edit", "send_emails": false, "object_id": "1"}, "model": "django_nyt.subscription"}, {"pk": 2, "fields": {"settings": 2, "latest": 2, "notification_type": "article_edit", "send_emails": false, "object_id": "1"}, "model": "django_nyt.subscription"}, {"pk": 1, "fields": {"article": 1, "is_mptt": true, "object_id": 1, "content_type": 46}, "model": "wiki.articleforobject"}, {"pk": 2, "fields": {"article": 2, "is_mptt": true, "object_id": 2, "content_type": 46}, "model": "wiki.articleforobject"}, {"pk": 2, "fields": {"article": 1, "created": "2015-10-03T10:31:42.512", "deleted": false}, "model": "wiki.articleplugin"}, {"pk": 1, "fields": {"article": 1, "slug": null, "site": 1, "lft": 1, "rght": 4, "level": 0, "tree_id": 1, "parent": null}, "model": "wiki.urlpath"}, {"pk": 2, "fields": {"article": 2, "slug": "false", "site": 1, "lft": 2, "rght": 3, "level": 1, "tree_id": 1, "parent": 1}, "model": "wiki.urlpath"}, {"pk": 2, "fields": {"subscription": 2}, "model": "wiki_notifications.articlesubscription"}, {"pk": 1, "fields": {"name": "Can add nyhet", "codename": "add_news", "content_type": 1}, "model": "auth.permission"}, {"pk": 2, "fields": {"name": "Can change nyhet", "codename": "change_news", "content_type": 1}, "model": "auth.permission"}, {"pk": 3, "fields": {"name": "Can delete nyhet", "codename": "delete_news", "content_type": 1}, "model": "auth.permission"}, {"pk": 4, "fields": {"name": "Can add user", "codename": "add_nablauser", "content_type": 2}, "model": "auth.permission"}, {"pk": 5, "fields": {"name": "Can change user", "codename": "change_nablauser", "content_type": 2}, "model": "auth.permission"}, {"pk": 6, "fields": {"name": "Can delete user", "codename": "delete_nablauser", "content_type": 2}, "model": "auth.permission"}, {"pk": 7, "fields": {"name": "Can add nabla group", "codename": "add_nablagroup", "content_type": 3}, "model": "auth.permission"}, {"pk": 8, "fields": {"name": "Can change nabla group", "codename": "change_nablagroup", "content_type": 3}, "model": "auth.permission"}, {"pk": 9, "fields": {"name": "Can delete nabla group", "codename": "delete_nablagroup", "content_type": 3}, "model": "auth.permission"}, {"pk": 10, "fields": {"name": "Can add Kull", "codename": "add_fysmatclass", "content_type": 4}, "model": "auth.permission"}, {"pk": 11, "fields": {"name": "Can change Kull", "codename": "change_fysmatclass", "content_type": 4}, "model": "auth.permission"}, {"pk": 12, "fields": {"name": "Can delete Kull", "codename": "delete_fysmatclass", "content_type": 4}, "model": "auth.permission"}, {"pk": 13, "fields": {"name": "Can add arrangement", "codename": "add_event", "content_type": 5}, "model": "auth.permission"}, {"pk": 14, "fields": {"name": "Can change arrangement", "codename": "change_event", "content_type": 5}, "model": "auth.permission"}, {"pk": 15, "fields": {"name": "Can delete arrangement", "codename": "delete_event", "content_type": 5}, "model": "auth.permission"}, {"pk": 16, "fields": {"name": "Can administer events", "codename": "administer", "content_type": 5}, "model": "auth.permission"}, {"pk": 17, "fields": {"name": "Can add p\u00e5melding", "codename": "add_eventregistration", "content_type": 6}, "model": "auth.permission"}, {"pk": 18, "fields": {"name": "Can change p\u00e5melding", "codename": "change_eventregistration", "content_type": 6}, "model": "auth.permission"}, {"pk": 19, "fields": {"name": "Can delete p\u00e5melding", "codename": "delete_eventregistration", "content_type": 6}, "model": "auth.permission"}, {"pk": 20, "fields": {"name": "Can add Klasse", "codename": "add_yearchoices", "content_type": 7}, "model": "auth.permission"}, {"pk": 21, "fields": {"name": "Can change Klasse", "codename": "change_yearchoices", "content_type": 7}, "model": "auth.permission"}, {"pk": 22, "fields": {"name": "Can delete Klasse", "codename": "delete_yearchoices", "content_type": 7}, "model": "auth.permission"}, {"pk": 23, "fields": {"name": "Can see static models", "codename": "can_see_static_models", "content_type": 7}, "model": "auth.permission"}, {"pk": 24, "fields": {"name": "Can add Mulig valg for \"relevant for\"", "codename": "add_relevantforchoices", "content_type": 8}, "model": "auth.permission"}, {"pk": 25, "fields": {"name": "Can change Mulig valg for \"relevant for\"", "codename": "change_relevantforchoices", "content_type": 8}, "model": "auth.permission"}, {"pk": 26, "fields": {"name": "Can delete Mulig valg for \"relevant for\"", "codename": "delete_relevantforchoices", "content_type": 8}, "model": "auth.permission"}, {"pk": 27, "fields": {"name": "Can add Tag", "codename": "add_tagchoices", "content_type": 9}, "model": "auth.permission"}, {"pk": 28, "fields": {"name": "Can change Tag", "codename": "change_tagchoices", "content_type": 9}, "model": "auth.permission"}, {"pk": 29, "fields": {"name": "Can delete Tag", "codename": "delete_tagchoices", "content_type": 9}, "model": "auth.permission"}, {"pk": 30, "fields": {"name": "Can add bedrift", "codename": "add_company", "content_type": 10}, "model": "auth.permission"}, {"pk": 31, "fields": {"name": "Can change bedrift", "codename": "change_company", "content_type": 10}, "model": "auth.permission"}, {"pk": 32, "fields": {"name": "Can delete bedrift", "codename": "delete_company", "content_type": 10}, "model": "auth.permission"}, {"pk": 33, "fields": {"name": "Can add stillingsannonse", "codename": "add_advert", "content_type": 11}, "model": "auth.permission"}, {"pk": 34, "fields": {"name": "Can change stillingsannonse", "codename": "change_advert", "content_type": 11}, "model": "auth.permission"}, {"pk": 35, "fields": {"name": "Can delete stillingsannonse", "codename": "delete_advert", "content_type": 11}, "model": "auth.permission"}, {"pk": 36, "fields": {"name": "Can add bedriftspresentasjon", "codename": "add_bedpres", "content_type": 12}, "model": "auth.permission"}, {"pk": 37, "fields": {"name": "Can change bedriftspresentasjon", "codename": "change_bedpres", "content_type": 12}, "model": "auth.permission"}, {"pk": 38, "fields": {"name": "Can delete bedriftspresentasjon", "codename": "delete_bedpres", "content_type": 12}, "model": "auth.permission"}, {"pk": 39, "fields": {"name": "Can add komiteside", "codename": "add_compage", "content_type": 13}, "model": "auth.permission"}, {"pk": 40, "fields": {"name": "Can change komiteside", "codename": "change_compage", "content_type": 13}, "model": "auth.permission"}, {"pk": 41, "fields": {"name": "Can delete komiteside", "codename": "delete_compage", "content_type": 13}, "model": "auth.permission"}, {"pk": 42, "fields": {"name": "Can add komitemedlem", "codename": "add_commembership", "content_type": 14}, "model": "auth.permission"}, {"pk": 43, "fields": {"name": "Can change komitemedlem", "codename": "change_commembership", "content_type": 14}, "model": "auth.permission"}, {"pk": 44, "fields": {"name": "Can delete komitemedlem", "codename": "delete_commembership", "content_type": 14}, "model": "auth.permission"}, {"pk": 45, "fields": {"name": "Can add nablad", "codename": "add_nablad", "content_type": 15}, "model": "auth.permission"}, {"pk": 46, "fields": {"name": "Can change nablad", "codename": "change_nablad", "content_type": 15}, "model": "auth.permission"}, {"pk": 47, "fields": {"name": "Can delete nablad", "codename": "delete_nablad", "content_type": 15}, "model": "auth.permission"}, {"pk": 48, "fields": {"name": "Can add M\u00f8tereferat", "codename": "add_meetingrecord", "content_type": 16}, "model": "auth.permission"}, {"pk": 49, "fields": {"name": "Can change M\u00f8tereferat", "codename": "change_meetingrecord", "content_type": 16}, "model": "auth.permission"}, {"pk": 50, "fields": {"name": "Can delete M\u00f8tereferat", "codename": "delete_meetingrecord", "content_type": 16}, "model": "auth.permission"}, {"pk": 51, "fields": {"name": "Can add avstemning", "codename": "add_poll", "content_type": 17}, "model": "auth.permission"}, {"pk": 52, "fields": {"name": "Can change avstemning", "codename": "change_poll", "content_type": 17}, "model": "auth.permission"}, {"pk": 53, "fields": {"name": "Can delete avstemning", "codename": "delete_poll", "content_type": 17}, "model": "auth.permission"}, {"pk": 54, "fields": {"name": "Can add valg", "codename": "add_choice", "content_type": 18}, "model": "auth.permission"}, {"pk": 55, "fields": {"name": "Can change valg", "codename": "change_choice", "content_type": 18}, "model": "auth.permission"}, {"pk": 56, "fields": {"name": "Can delete valg", "codename": "delete_choice", "content_type": 18}, "model": "auth.permission"}, {"pk": 57, "fields": {"name": "Can add Skr\u00e5ttcast", "codename": "add_podcast", "content_type": 19}, "model": "auth.permission"}, {"pk": 58, "fields": {"name": "Can change Skr\u00e5ttcast", "codename": "change_podcast", "content_type": 19}, "model": "auth.permission"}, {"pk": 59, "fields": {"name": "Can delete Skr\u00e5ttcast", "codename": "delete_podcast", "content_type": 19}, "model": "auth.permission"}, {"pk": 60, "fields": {"name": "Can add session profile", "codename": "add_sessionprofile", "content_type": 20}, "model": "auth.permission"}, {"pk": 61, "fields": {"name": "Can change session profile", "codename": "change_sessionprofile", "content_type": 20}, "model": "auth.permission"}, {"pk": 62, "fields": {"name": "Can delete session profile", "codename": "delete_sessionprofile", "content_type": 20}, "model": "auth.permission"}, {"pk": 63, "fields": {"name": "Can add source", "codename": "add_source", "content_type": 21}, "model": "auth.permission"}, {"pk": 64, "fields": {"name": "Can change source", "codename": "change_source", "content_type": 21}, "model": "auth.permission"}, {"pk": 65, "fields": {"name": "Can delete source", "codename": "delete_source", "content_type": 21}, "model": "auth.permission"}, {"pk": 66, "fields": {"name": "Can add thumbnail", "codename": "add_thumbnail", "content_type": 22}, "model": "auth.permission"}, {"pk": 67, "fields": {"name": "Can change thumbnail", "codename": "change_thumbnail", "content_type": 22}, "model": "auth.permission"}, {"pk": 68, "fields": {"name": "Can delete thumbnail", "codename": "delete_thumbnail", "content_type": 22}, "model": "auth.permission"}, {"pk": 69, "fields": {"name": "Can add thumbnail dimensions", "codename": "add_thumbnaildimensions", "content_type": 23}, "model": "auth.permission"}, {"pk": 70, "fields": {"name": "Can change thumbnail dimensions", "codename": "change_thumbnaildimensions", "content_type": 23}, "model": "auth.permission"}, {"pk": 71, "fields": {"name": "Can delete thumbnail dimensions", "codename": "delete_thumbnaildimensions", "content_type": 23}, "model": "auth.permission"}, {"pk": 72, "fields": {"name": "Can add comment", "codename": "add_comment", "content_type": 24}, "model": "auth.permission"}, {"pk": 73, "fields": {"name": "Can change comment", "codename": "change_comment", "content_type": 24}, "model": "auth.permission"}, {"pk": 74, "fields": {"name": "Can delete comment", "codename": "delete_comment", "content_type": 24}, "model": "auth.permission"}, {"pk": 75, "fields": {"name": "Can moderate comments", "codename": "can_moderate", "content_type": 24}, "model": "auth.permission"}, {"pk": 76, "fields": {"name": "Can add comment flag", "codename": "add_commentflag", "content_type": 25}, "model": "auth.permission"}, {"pk": 77, "fields": {"name": "Can change comment flag", "codename": "change_commentflag", "content_type": 25}, "model": "auth.permission"}, {"pk": 78, "fields": {"name": "Can delete comment flag", "codename": "delete_commentflag", "content_type": 25}, "model": "auth.permission"}, {"pk": 79, "fields": {"name": "Can add permission", "codename": "add_permission", "content_type": 26}, "model": "auth.permission"}, {"pk": 80, "fields": {"name": "Can change permission", "codename": "change_permission", "content_type": 26}, "model": "auth.permission"}, {"pk": 81, "fields": {"name": "Can delete permission", "codename": "delete_permission", "content_type": 26}, "model": "auth.permission"}, {"pk": 82, "fields": {"name": "Can add group", "codename": "add_group", "content_type": 27}, "model": "auth.permission"}, {"pk": 83, "fields": {"name": "Can change group", "codename": "change_group", "content_type": 27}, "model": "auth.permission"}, {"pk": 84, "fields": {"name": "Can delete group", "codename": "delete_group", "content_type": 27}, "model": "auth.permission"}, {"pk": 85, "fields": {"name": "Can add content type", "codename": "add_contenttype", "content_type": 28}, "model": "auth.permission"}, {"pk": 86, "fields": {"name": "Can change content type", "codename": "change_contenttype", "content_type": 28}, "model": "auth.permission"}, {"pk": 87, "fields": {"name": "Can delete content type", "codename": "delete_contenttype", "content_type": 28}, "model": "auth.permission"}, {"pk": 88, "fields": {"name": "Can add session", "codename": "add_session", "content_type": 29}, "model": "auth.permission"}, {"pk": 89, "fields": {"name": "Can change session", "codename": "change_session", "content_type": 29}, "model": "auth.permission"}, {"pk": 90, "fields": {"name": "Can delete session", "codename": "delete_session", "content_type": 29}, "model": "auth.permission"}, {"pk": 91, "fields": {"name": "Can add site", "codename": "add_site", "content_type": 30}, "model": "auth.permission"}, {"pk": 92, "fields": {"name": "Can change site", "codename": "change_site", "content_type": 30}, "model": "auth.permission"}, {"pk": 93, "fields": {"name": "Can delete site", "codename": "delete_site", "content_type": 30}, "model": "auth.permission"}, {"pk": 94, "fields": {"name": "Can add log entry", "codename": "add_logentry", "content_type": 31}, "model": "auth.permission"}, {"pk": 95, "fields": {"name": "Can change log entry", "codename": "change_logentry", "content_type": 31}, "model": "auth.permission"}, {"pk": 96, "fields": {"name": "Can delete log entry", "codename": "delete_logentry", "content_type": 31}, "model": "auth.permission"}, {"pk": 97, "fields": {"name": "Can add flat page", "codename": "add_flatpage", "content_type": 32}, "model": "auth.permission"}, {"pk": 98, "fields": {"name": "Can change flat page", "codename": "change_flatpage", "content_type": 32}, "model": "auth.permission"}, {"pk": 99, "fields": {"name": "Can delete flat page", "codename": "delete_flatpage", "content_type": 32}, "model": "auth.permission"}, {"pk": 100, "fields": {"name": "Can add type", "codename": "add_notificationtype", "content_type": 33}, "model": "auth.permission"}, {"pk": 101, "fields": {"name": "Can change type", "codename": "change_notificationtype", "content_type": 33}, "model": "auth.permission"}, {"pk": 102, "fields": {"name": "Can delete type", "codename": "delete_notificationtype", "content_type": 33}, "model": "auth.permission"}, {"pk": 103, "fields": {"name": "Can add settings", "codename": "add_settings", "content_type": 34}, "model": "auth.permission"}, {"pk": 104, "fields": {"name": "Can change settings", "codename": "change_settings", "content_type": 34}, "model": "auth.permission"}, {"pk": 105, "fields": {"name": "Can delete settings", "codename": "delete_settings", "content_type": 34}, "model": "auth.permission"}, {"pk": 106, "fields": {"name": "Can add subscription", "codename": "add_subscription", "content_type": 35}, "model": "auth.permission"}, {"pk": 107, "fields": {"name": "Can change subscription", "codename": "change_subscription", "content_type": 35}, "model": "auth.permission"}, {"pk": 108, "fields": {"name": "Can delete subscription", "codename": "delete_subscription", "content_type": 35}, "model": "auth.permission"}, {"pk": 109, "fields": {"name": "Can add notification", "codename": "add_notification", "content_type": 36}, "model": "auth.permission"}, {"pk": 110, "fields": {"name": "Can change notification", "codename": "change_notification", "content_type": 36}, "model": "auth.permission"}, {"pk": 111, "fields": {"name": "Can delete notification", "codename": "delete_notification", "content_type": 36}, "model": "auth.permission"}, {"pk": 112, "fields": {"name": "Can add kv store", "codename": "add_kvstore", "content_type": 37}, "model": "auth.permission"}, {"pk": 113, "fields": {"name": "Can change kv store", "codename": "change_kvstore", "content_type": 37}, "model": "auth.permission"}, {"pk": 114, "fields": {"name": "Can delete kv store", "codename": "delete_kvstore", "content_type": 37}, "model": "auth.permission"}, {"pk": 115, "fields": {"name": "Can add article", "codename": "add_article", "content_type": 38}, "model": "auth.permission"}, {"pk": 116, "fields": {"name": "Can change article", "codename": "change_article", "content_type": 38}, "model": "auth.permission"}, {"pk": 117, "fields": {"name": "Can delete article", "codename": "delete_article", "content_type": 38}, "model": "auth.permission"}, {"pk": 118, "fields": {"name": "Can edit all articles and lock/unlock/restore", "codename": "moderate", "content_type": 38}, "model": "auth.permission"}, {"pk": 119, "fields": {"name": "Can change ownership of any article", "codename": "assign", "content_type": 38}, "model": "auth.permission"}, {"pk": 120, "fields": {"name": "Can assign permissions to other users", "codename": "grant", "content_type": 38}, "model": "auth.permission"}, {"pk": 121, "fields": {"name": "Can add Article for object", "codename": "add_articleforobject", "content_type": 39}, "model": "auth.permission"}, {"pk": 122, "fields": {"name": "Can change Article for object", "codename": "change_articleforobject", "content_type": 39}, "model": "auth.permission"}, {"pk": 123, "fields": {"name": "Can delete Article for object", "codename": "delete_articleforobject", "content_type": 39}, "model": "auth.permission"}, {"pk": 124, "fields": {"name": "Can add article revision", "codename": "add_articlerevision", "content_type": 40}, "model": "auth.permission"}, {"pk": 125, "fields": {"name": "Can change article revision", "codename": "change_articlerevision", "content_type": 40}, "model": "auth.permission"}, {"pk": 126, "fields": {"name": "Can delete article revision", "codename": "delete_articlerevision", "content_type": 40}, "model": "auth.permission"}, {"pk": 127, "fields": {"name": "Can add article plugin", "codename": "add_articleplugin", "content_type": 41}, "model": "auth.permission"}, {"pk": 128, "fields": {"name": "Can change article plugin", "codename": "change_articleplugin", "content_type": 41}, "model": "auth.permission"}, {"pk": 129, "fields": {"name": "Can delete article plugin", "codename": "delete_articleplugin", "content_type": 41}, "model": "auth.permission"}, {"pk": 130, "fields": {"name": "Can add reusable plugin", "codename": "add_reusableplugin", "content_type": 42}, "model": "auth.permission"}, {"pk": 131, "fields": {"name": "Can change reusable plugin", "codename": "change_reusableplugin", "content_type": 42}, "model": "auth.permission"}, {"pk": 132, "fields": {"name": "Can delete reusable plugin", "codename": "delete_reusableplugin", "content_type": 42}, "model": "auth.permission"}, {"pk": 133, "fields": {"name": "Can add simple plugin", "codename": "add_simpleplugin", "content_type": 43}, "model": "auth.permission"}, {"pk": 134, "fields": {"name": "Can change simple plugin", "codename": "change_simpleplugin", "content_type": 43}, "model": "auth.permission"}, {"pk": 135, "fields": {"name": "Can delete simple plugin", "codename": "delete_simpleplugin", "content_type": 43}, "model": "auth.permission"}, {"pk": 136, "fields": {"name": "Can add revision plugin", "codename": "add_revisionplugin", "content_type": 44}, "model": "auth.permission"}, {"pk": 137, "fields": {"name": "Can change revision plugin", "codename": "change_revisionplugin", "content_type": 44}, "model": "auth.permission"}, {"pk": 138, "fields": {"name": "Can delete revision plugin", "codename": "delete_revisionplugin", "content_type": 44}, "model": "auth.permission"}, {"pk": 139, "fields": {"name": "Can add revision plugin revision", "codename": "add_revisionpluginrevision", "content_type": 45}, "model": "auth.permission"}, {"pk": 140, "fields": {"name": "Can change revision plugin revision", "codename": "change_revisionpluginrevision", "content_type": 45}, "model": "auth.permission"}, {"pk": 141, "fields": {"name": "Can delete revision plugin revision", "codename": "delete_revisionpluginrevision", "content_type": 45}, "model": "auth.permission"}, {"pk": 142, "fields": {"name": "Can add URL path", "codename": "add_urlpath", "content_type": 46}, "model": "auth.permission"}, {"pk": 143, "fields": {"name": "Can change URL path", "codename": "change_urlpath", "content_type": 46}, "model": "auth.permission"}, {"pk": 144, "fields": {"name": "Can delete URL path", "codename": "delete_urlpath", "content_type": 46}, "model": "auth.permission"}, {"pk": 145, "fields": {"name": "Can add attachment", "codename": "add_attachment", "content_type": 47}, "model": "auth.permission"}, {"pk": 146, "fields": {"name": "Can change attachment", "codename": "change_attachment", "content_type": 47}, "model": "auth.permission"}, {"pk": 147, "fields": {"name": "Can delete attachment", "codename": "delete_attachment", "content_type": 47}, "model": "auth.permission"}, {"pk": 148, "fields": {"name": "Can add attachment revision", "codename": "add_attachmentrevision", "content_type": 48}, "model": "auth.permission"}, {"pk": 149, "fields": {"name": "Can change attachment revision", "codename": "change_attachmentrevision", "content_type": 48}, "model": "auth.permission"}, {"pk": 150, "fields": {"name": "Can delete attachment revision", "codename": "delete_attachmentrevision", "content_type": 48}, "model": "auth.permission"}, {"pk": 151, "fields": {"name": "Can add article subscription", "codename": "add_articlesubscription", "content_type": 49}, "model": "auth.permission"}, {"pk": 152, "fields": {"name": "Can change article subscription", "codename": "change_articlesubscription", "content_type": 49}, "model": "auth.permission"}, {"pk": 153, "fields": {"name": "Can delete article subscription", "codename": "delete_articlesubscription", "content_type": 49}, "model": "auth.permission"}, {"pk": 154, "fields": {"name": "Can add image", "codename": "add_image", "content_type": 50}, "model": "auth.permission"}, {"pk": 155, "fields": {"name": "Can change image", "codename": "change_image", "content_type": 50}, "model": "auth.permission"}, {"pk": 156, "fields": {"name": "Can delete image", "codename": "delete_image", "content_type": 50}, "model": "auth.permission"}, {"pk": 157, "fields": {"name": "Can add image revision", "codename": "add_imagerevision", "content_type": 51}, "model": "auth.permission"}, {"pk": 158, "fields": {"name": "Can change image revision", "codename": "change_imagerevision", "content_type": 51}, "model": "auth.permission"}, {"pk": 159, "fields": {"name": "Can delete image revision", "codename": "delete_imagerevision", "content_type": 51}, "model": "auth.permission"}, {"pk": 160, "fields": {"name": "Can add Albumbilde", "codename": "add_albumimage", "content_type": 52}, "model": "auth.permission"}, {"pk": 161, "fields": {"name": "Can change Albumbilde", "codename": "change_albumimage", "content_type": 52}, "model": "auth.permission"}, {"pk": 162, "fields": {"name": "Can delete Albumbilde", "codename": "delete_albumimage", "content_type": 52}, "model": "auth.permission"}, {"pk": 163, "fields": {"name": "Can add Album", "codename": "add_album", "content_type": 53}, "model": "auth.permission"}, {"pk": 164, "fields": {"name": "Can change Album", "codename": "change_album", "content_type": 53}, "model": "auth.permission"}, {"pk": 165, "fields": {"name": "Can delete Album", "codename": "delete_album", "content_type": 53}, "model": "auth.permission"}, {"pk": 166, "fields": {"name": "Can add Sesong", "codename": "add_season", "content_type": 54}, "model": "auth.permission"}, {"pk": 167, "fields": {"name": "Can change Sesong", "codename": "change_season", "content_type": 54}, "model": "auth.permission"}, {"pk": 168, "fields": {"name": "Can delete Sesong", "codename": "delete_season", "content_type": 54}, "model": "auth.permission"}, {"pk": 169, "fields": {"name": "Can add nyhet", "codename": "add_news", "content_type": 55}, "model": "auth.permission"}, {"pk": 170, "fields": {"name": "Can change nyhet", "codename": "change_news", "content_type": 55}, "model": "auth.permission"}, {"pk": 171, "fields": {"name": "Can delete nyhet", "codename": "delete_news", "content_type": 55}, "model": "auth.permission"}, {"pk": 172, "fields": {"name": "Can add p\u00e5melding", "codename": "add_eventregistration", "content_type": 56}, "model": "auth.permission"}, {"pk": 173, "fields": {"name": "Can change p\u00e5melding", "codename": "change_eventregistration", "content_type": 56}, "model": "auth.permission"}, {"pk": 174, "fields": {"name": "Can delete p\u00e5melding", "codename": "delete_eventregistration", "content_type": 56}, "model": "auth.permission"}, {"pk": 175, "fields": {"name": "Can add arrangement", "codename": "add_event", "content_type": 57}, "model": "auth.permission"}, {"pk": 176, "fields": {"name": "Can change arrangement", "codename": "change_event", "content_type": 57}, "model": "auth.permission"}, {"pk": 177, "fields": {"name": "Can delete arrangement", "codename": "delete_event", "content_type": 57}, "model": "auth.permission"}, {"pk": 178, "fields": {"name": "Can administer events", "codename": "administer", "content_type": 57}, "model": "auth.permission"}, {"pk": 179, "fields": {"name": "Can add Komit\u00e9", "codename": "add_committee", "content_type": 58}, "model": "auth.permission"}, {"pk": 180, "fields": {"name": "Can change Komit\u00e9", "codename": "change_committee", "content_type": 58}, "model": "auth.permission"}, {"pk": 181, "fields": {"name": "Can delete Komit\u00e9", "codename": "delete_committee", "content_type": 58}, "model": "auth.permission"}, {"pk": 182, "fields": {"name": "Can add archive", "codename": "add_archive", "content_type": 59}, "model": "auth.permission"}, {"pk": 183, "fields": {"name": "Can change archive", "codename": "change_archive", "content_type": 59}, "model": "auth.permission"}, {"pk": 184, "fields": {"name": "Can delete archive", "codename": "delete_archive", "content_type": 59}, "model": "auth.permission"}, {"pk": 185, "fields": {"name": "Can add Arkivinnlegg", "codename": "add_archiveentry", "content_type": 60}, "model": "auth.permission"}, {"pk": 186, "fields": {"name": "Can change Arkivinnlegg", "codename": "change_archiveentry", "content_type": 60}, "model": "auth.permission"}, {"pk": 187, "fields": {"name": "Can delete Arkivinnlegg", "codename": "delete_archiveentry", "content_type": 60}, "model": "auth.permission"}, {"pk": 188, "fields": {"name": "Can add registration request", "codename": "add_registrationrequest", "content_type": 61}, "model": "auth.permission"}, {"pk": 189, "fields": {"name": "Can change registration request", "codename": "change_registrationrequest", "content_type": 61}, "model": "auth.permission"}, {"pk": 190, "fields": {"name": "Can delete registration request", "codename": "delete_registrationrequest", "content_type": 61}, "model": "auth.permission"}, {"pk": 191, "fields": {"name": "Can add Blogg", "codename": "add_blog", "content_type": 62}, "model": "auth.permission"}, {"pk": 192, "fields": {"name": "Can change Blogg", "codename": "change_blog", "content_type": 62}, "model": "auth.permission"}, {"pk": 193, "fields": {"name": "Can delete Blogg", "codename": "delete_blog", "content_type": 62}, "model": "auth.permission"}, {"pk": 194, "fields": {"name": "Can add Post", "codename": "add_blogpost", "content_type": 63}, "model": "auth.permission"}, {"pk": 195, "fields": {"name": "Can change Post", "codename": "change_blogpost", "content_type": 63}, "model": "auth.permission"}, {"pk": 196, "fields": {"name": "Can delete Post", "codename": "delete_blogpost", "content_type": 63}, "model": "auth.permission"}, {"pk": 197, "fields": {"name": "Can add Adventsluke", "codename": "add_adventdoor", "content_type": 64}, "model": "auth.permission"}, {"pk": 198, "fields": {"name": "Can change Adventsluke", "codename": "change_adventdoor", "content_type": 64}, "model": "auth.permission"}, {"pk": 199, "fields": {"name": "Can delete Adventsluke", "codename": "delete_adventdoor", "content_type": 64}, "model": "auth.permission"}, {"pk": 200, "fields": {"name": "Can add Adventskalender", "codename": "add_adventcalendar", "content_type": 65}, "model": "auth.permission"}, {"pk": 201, "fields": {"name": "Can change Adventskalender", "codename": "change_adventcalendar", "content_type": 65}, "model": "auth.permission"}, {"pk": 202, "fields": {"name": "Can delete Adventskalender", "codename": "delete_adventcalendar", "content_type": 65}, "model": "auth.permission"}, {"pk": 203, "fields": {"name": "Can add quiz question", "codename": "add_quizquestion", "content_type": 66}, "model": "auth.permission"}, {"pk": 204, "fields": {"name": "Can change quiz question", "codename": "change_quizquestion", "content_type": 66}, "model": "auth.permission"}, {"pk": 205, "fields": {"name": "Can delete quiz question", "codename": "delete_quizquestion", "content_type": 66}, "model": "auth.permission"}, {"pk": 206, "fields": {"name": "Can add Quiz", "codename": "add_quiz", "content_type": 67}, "model": "auth.permission"}, {"pk": 207, "fields": {"name": "Can change Quiz", "codename": "change_quiz", "content_type": 67}, "model": "auth.permission"}, {"pk": 208, "fields": {"name": "Can delete Quiz", "codename": "delete_quiz", "content_type": 67}, "model": "auth.permission"}, {"pk": 209, "fields": {"name": "Can add question reply", "codename": "add_questionreply", "content_type": 68}, "model": "auth.permission"}, {"pk": 210, "fields": {"name": "Can change question reply", "codename": "change_questionreply", "content_type": 68}, "model": "auth.permission"}, {"pk": 211, "fields": {"name": "Can delete question reply", "codename": "delete_questionreply", "content_type": 68}, "model": "auth.permission"}, {"pk": 212, "fields": {"name": "Can add Resultat", "codename": "add_quizreply", "content_type": 69}, "model": "auth.permission"}, {"pk": 213, "fields": {"name": "Can change Resultat", "codename": "change_quizreply", "content_type": 69}, "model": "auth.permission"}, {"pk": 214, "fields": {"name": "Can delete Resultat", "codename": "delete_quizreply", "content_type": 69}, "model": "auth.permission"}, {"pk": 215, "fields": {"name": "Can add quiz scoreboard", "codename": "add_quizscoreboard", "content_type": 70}, "model": "auth.permission"}, {"pk": 216, "fields": {"name": "Can change quiz scoreboard", "codename": "change_quizscoreboard", "content_type": 70}, "model": "auth.permission"}, {"pk": 217, "fields": {"name": "Can delete quiz scoreboard", "codename": "delete_quizscoreboard", "content_type": 70}, "model": "auth.permission"}, {"pk": 218, "fields": {"name": "Can add Innholdsbilde", "codename": "add_contentimage", "content_type": 71}, "model": "auth.permission"}, {"pk": 219, "fields": {"name": "Can change Innholdsbilde", "codename": "change_contentimage", "content_type": 71}, "model": "auth.permission"}, {"pk": 220, "fields": {"name": "Can delete Innholdsbilde", "codename": "delete_contentimage", "content_type": 71}, "model": "auth.permission"}, {"pk": 221, "fields": {"name": "Can add like press", "codename": "add_likepress", "content_type": 72}, "model": "auth.permission"}, {"pk": 222, "fields": {"name": "Can change like press", "codename": "change_likepress", "content_type": 72}, "model": "auth.permission"}, {"pk": 223, "fields": {"name": "Can delete like press", "codename": "delete_likepress", "content_type": 72}, "model": "auth.permission"}, {"pk": 224, "fields": {"name": "Can add advent participation", "codename": "add_adventparticipation", "content_type": 73}, "model": "auth.permission"}, {"pk": 225, "fields": {"name": "Can change advent participation", "codename": "change_adventparticipation", "content_type": 73}, "model": "auth.permission"}, {"pk": 226, "fields": {"name": "Can delete advent participation", "codename": "delete_adventparticipation", "content_type": 73}, "model": "auth.permission"}, {"pk": 227, "fields": {"name": "Can add splash config", "codename": "add_splashconfig", "content_type": 74}, "model": "auth.permission"}, {"pk": 228, "fields": {"name": "Can change splash config", "codename": "change_splashconfig", "content_type": 74}, "model": "auth.permission"}, {"pk": 229, "fields": {"name": "Can delete splash config", "codename": "delete_splashconfig", "content_type": 74}, "model": "auth.permission"}, {"pk": 230, "fields": {"name": "Can add test", "codename": "add_test", "content_type": 75}, "model": "auth.permission"}, {"pk": 231, "fields": {"name": "Can change test", "codename": "change_test", "content_type": 75}, "model": "auth.permission"}, {"pk": 232, "fields": {"name": "Can delete test", "codename": "delete_test", "content_type": 75}, "model": "auth.permission"}, {"pk": 233, "fields": {"name": "Can add test question", "codename": "add_testquestion", "content_type": 76}, "model": "auth.permission"}, {"pk": 234, "fields": {"name": "Can change test question", "codename": "change_testquestion", "content_type": 76}, "model": "auth.permission"}, {"pk": 235, "fields": {"name": "Can delete test question", "codename": "delete_testquestion", "content_type": 76}, "model": "auth.permission"}, {"pk": 236, "fields": {"name": "Can add test question alternative", "codename": "add_testquestionalternative", "content_type": 77}, "model": "auth.permission"}, {"pk": 237, "fields": {"name": "Can change test question alternative", "codename": "change_testquestionalternative", "content_type": 77}, "model": "auth.permission"}, {"pk": 238, "fields": {"name": "Can delete test question alternative", "codename": "delete_testquestionalternative", "content_type": 77}, "model": "auth.permission"}, {"pk": 239, "fields": {"name": "Can add test result", "codename": "add_testresult", "content_type": 78}, "model": "auth.permission"}, {"pk": 240, "fields": {"name": "Can change test result", "codename": "change_testresult", "content_type": 78}, "model": "auth.permission"}, {"pk": 241, "fields": {"name": "Can delete test result", "codename": "delete_testresult", "content_type": 78}, "model": "auth.permission"}, {"pk": 242, "fields": {"name": "Can add general options", "codename": "add_generaloptions", "content_type": 79}, "model": "auth.permission"}, {"pk": 243, "fields": {"name": "Can change general options", "codename": "change_generaloptions", "content_type": 79}, "model": "auth.permission"}, {"pk": 244, "fields": {"name": "Can delete general options", "codename": "delete_generaloptions", "content_type": 79}, "model": "auth.permission"}, {"pk": 1, "fields": {"publication_date": null, "image": "", "pub_date": "2015-05-21T00:28:29.548", "title": "Dette er en test", "is_clip": false, "extra_markdown": null, "view_counter": 3, "cropping": "", "content_type": 19, "file": "podcast/Skr\u00e5ttcast_Intro-jingle.mp3", "allow_comments": true, "season": 1, "description": "asdfasd [her](https://nabla.no)", "published": true}, "model": "podcast.podcast"}, {"pk": 2, "fields": {"publication_date": null, "image": "", "pub_date": "2015-05-21T00:28:46.413", "title": "Nok en test", "is_clip": false, "extra_markdown": null, "view_counter": 2, "cropping": "", "content_type": 19, "file": "podcast/Skr\u00e5ttcast_Intro-jingle_iPWgjiz.mp3", "allow_comments": true, "season": null, "description": "Nok en test", "published": true}, "model": "podcast.podcast"}, {"pk": 3, "fields": {"publication_date": "2015-11-03T00:00:00", "image": "news_pictures/11096536_812864302127220_1827653242410643212_n.jpg", "pub_date": "2015-05-21T00:28:55", "title": "Nok en test", "is_clip": false, "extra_markdown": "", "view_counter": 6, "cropping": "211,0,752,540", "content_type": 19, "file": "podcast/Skr\u00e5ttcast_Intro-jingle_Vwqtvg5.mp3", "allow_comments": true, "season": 2, "description": "Nok en test", "published": true}, "model": "podcast.podcast"}, {"pk": 4, "fields": {"publication_date": null, "image": "", "pub_date": "2015-05-21T00:29:04.040", "title": "Nok en test", "is_clip": true, "extra_markdown": null, "view_counter": 4, "cropping": "", "content_type": 19, "file": "podcast/Skr\u00e5ttcast_Intro-jingle_GgKFhRH.mp3", "allow_comments": true, "season": 1, "description": "Nok en test", "published": true}, "model": "podcast.podcast"}, {"pk": 5, "fields": {"publication_date": null, "image": "", "pub_date": "2015-05-21T00:29:13.243", "title": "Nok en test", "is_clip": false, "extra_markdown": null, "view_counter": 0, "cropping": "", "content_type": 19, "file": "podcast/Skr\u00e5ttcast_Intro-jingle_JcfI6AQ.mp3", "allow_comments": true, "season": null, "description": "Nok en test", "published": true}, "model": "podcast.podcast"}, {"pk": 6, "fields": {"publication_date": null, "image": "news_pictures/11096536_812864302127220_1827653242410643212_n_LN8lQFV.jpg", "pub_date": "2015-05-21T00:29:20", "title": "Nok en test", "is_clip": false, "extra_markdown": null, "view_counter": 6, "cropping": "210,0,750,540", "content_type": 19, "file": "podcast/Skr\u00e5ttcast_Intro-jingle_WcPbX0i.mp3", "allow_comments": true, "season": 2, "description": "Nablas sekret\u00f8s, Marie Hansteen, har velsignet v\u00e5rt studio med sitt n\u00e6rv\u00e6r og Runar og Alexander skal pr\u00f8ve p\u00e5 det umulige; \u00e5 gj\u00f8re uskyldige, politisk-korrekte Marie politisk ukorrekt! I ukens sending gir vi dere en slaktende anmeldelse av en viss person p\u00e5 Jacobinske, en tett-p\u00e5-Marie Hansteen sekvens og masse\u2026 MASSE KAHOOT! Enjoy!", "published": true}, "model": "podcast.podcast"}, {"pk": 7, "fields": {"publication_date": null, "image": "news_pictures/10426108_778372808909703_7848269570316449205_n.jpg", "pub_date": "2015-05-21T00:29:27", "title": "Med markdown", "is_clip": false, "extra_markdown": "# test", "view_counter": 22, "cropping": "0,0,960,960", "content_type": 19, "file": "podcast/Skr\u00e5ttcast_Intro-jingle_rRlCr7d.mp3", "allow_comments": true, "season": 2, "description": "Nok en test", "published": true}, "model": "podcast.podcast"}, {"pk": 8, "fields": {"publication_date": null, "image": "news_pictures/11774619_10152917258307121_948009307_n.jpg", "pub_date": "2015-05-21T00:29:37", "title": "Nok en test2", "is_clip": false, "extra_markdown": null, "view_counter": 6, "cropping": "160,0,800,640", "content_type": 19, "file": "podcast/Skr\u00e5ttcast_Intro-jingle_fNc0njU.mp3", "allow_comments": true, "season": 1, "description": "Nok en test3", "published": true}, "model": "podcast.podcast"}, {"pk": 9, "fields": {"publication_date": null, "image": "news_pictures/11096536_812864302127220_1827653242410643212_n_Mi1XE01.jpg", "pub_date": "2015-05-21T00:29:51", "title": "Nok en test5", "is_clip": false, "extra_markdown": "", "view_counter": 43, "cropping": "211,0,752,540", "content_type": 19, "file": "podcast/Skr\u00e5ttcast_Intro-jingle_UKWgRCI.mp3", "allow_comments": true, "season": 1, "description": "Skr\u00e5ttcasts Alexander og Runar f\u00e5r nano-alumni Fr\u00e9d\u00e9ric Lindboe p\u00e5 bes\u00f8k og f\u00e5r et innblikk i hans popul\u00e6rvitenskapelige arbeid etter studiene! En n\u00f8ye diskusjon om den nye 'Fifty Shades of Grey'-filmen, samfunnsfilosofisk Brevsprekk og grensesprengende 'To i ett!'-produkter legges frem i denne Skr\u00e5ttcastepisoden! Sjekk ut M\u00f8t NTNU p\u00e5 Youtube!", "published": true}, "model": "podcast.podcast"}, {"pk": 10, "fields": {"publication_date": "2015-11-02T23:56:00", "image": "news_pictures/11043167_803791749701142_8975321349914312595_n.png", "pub_date": "2015-08-13T20:34:00", "title": "Uten lydfil", "is_clip": false, "extra_markdown": "<iframe width=\"560\" height=\"315\" src=\"https://www.youtube.com/embed/HkuP-5ru_Gw\" frameborder=\"0\" allowfullscreen></iframe>", "view_counter": 68, "cropping": "80,0,649,569", "content_type": 19, "file": "", "allow_comments": true, "season": 2, "description": "Bla bla bla", "published": true}, "model": "podcast.podcast"}, {"pk": 1, "fields": {"name": "Ny komit\u00e9", "permissions": []}, "model": "auth.group"}, {"pk": 2, "fields": {"name": "test", "permissions": []}, "model": "auth.group"}, {"pk": 3, "fields": {"name": "test2", "permissions": []}, "model": "auth.group"}, {"pk": 4, "fields": {"name": "test3", "permissions": []}, "model": "auth.group"}, {"pk": 1, "fields": {"mail_list": "Test@nabla.ntnu.no", "permissions": [], "description": "da", "group_type": "komite"}, "model": "accounts.nablagroup"}, {"pk": 2, "fields": {"mail_list": "", "permissions": [], "description": "", "group_type": ""}, "model": "accounts.nablagroup"}, {"pk": 3, "fields": {"mail_list": "", "permissions": [], "description": "", "group_type": ""}, "model": "accounts.nablagroup"}, {"pk": 4, "fields": {"mail_list": "", "permissions": [], "description": "", "group_type": ""}, "model": "accounts.nablagroup"}, {"pk": 1, "fields": {"address": "", "mail_number": "", "about": "", "birthday": "1994-10-13", "last_name": "Ybr\u00f8s", "user_permissions": [], "avatar": "avatars/11923382_10152972287732121_1074526346_o.jpg", "is_staff": true, "ntnu_card_number": "", "web_page": "", "cell_phone": "", "is_superuser": true, "wants_email": true, "last_login": "2016-01-24T00:25:28.957", "first_name": "Sredna", "username": "admin", "date_joined": "2015-05-02T18:56:24.610", "is_active": true, "telephone": "", "groups": [1, 3], "email": "test@example.com", "password": "pbkdf2_sha256$20000$YISl28dMW750$UI3SElTdZcJQTgJC7iEIx3YIcDKkJYec8v1BCepBBkc="}, "model": "accounts.nablauser"}, {"pk": 2, "fields": {"address": "", "mail_number": "", "about": "", "birthday": null, "last_name": "", "user_permissions": [198], "avatar": "", "is_staff": false, "ntnu_card_number": "", "web_page": "", "cell_phone": "", "is_superuser": false, "wants_email": true, "last_login": "2015-08-19T00:00:00", "first_name": "deleteme", "username": "anderscs", "date_joined": "2015-08-18T21:55:13", "is_active": true, "telephone": "", "groups": [], "email": "anderscs@stud.ntnu.no", "password": "pbkdf2_sha256$20000$HPn4zYHHkSwP$C9NnNcL0i1nCZpWCcEOeSEk316fcCPvFJ5Oaw0dKRRM="}, "model": "accounts.nablauser"}, {"pk": 3, "fields": {"address": "", "mail_number": "", "about": "", "birthday": "1994-12-10", "last_name": "S\u00f8rby", "user_permissions": [198], "avatar": "", "is_staff": false, "ntnu_card_number": "", "web_page": "", "cell_phone": "", "is_superuser": false, "wants_email": true, "last_login": "2015-12-07T21:00:04.248", "first_name": "Anders Christiansen", "username": "anders", "date_joined": "2015-09-04T18:56:59", "is_active": true, "telephone": "", "groups": [1], "email": "anderscs@stud.ntnu.no", "password": "pbkdf2_sha256$20000$Ugj1DVt6q750$6sFcyr5ytHdeT8Fv+6YSAmhsZmK3PqH7E5NiTm69Vyc="}, "model": "accounts.nablauser"}, {"pk": 4, "fields": {"address": "", "mail_number": "", "about": "", "birthday": null, "last_name": "", "user_permissions": [], "avatar": "", "is_staff": false, "ntnu_card_number": "", "web_page": "", "cell_phone": "", "is_superuser": false, "wants_email": true, "last_login": "2015-09-09T12:13:57.387", "first_name": "", "username": "tullebukk", "date_joined": "2015-09-09T12:13:57.387", "is_active": true, "telephone": "", "groups": [], "email": "tullebukk@stud.ntnu.no", "password": "pbkdf2_sha256$20000$EoScHGYrw3wr$f/EJV2HOeNH32aPpUwJ6HCfYH2wFxaTqUrj0NkPaCdc="}, "model": "accounts.nablauser"}, {"pk": 5, "fields": {"address": "", "mail_number": "", "about": "", "birthday": null, "last_name": "", "user_permissions": [], "avatar": "", "is_staff": false, "ntnu_card_number": "", "web_page": "", "cell_phone": "", "is_superuser": false, "wants_email": true, "last_login": "2015-09-09T14:48:44.930", "first_name": "", "username": "andre", "date_joined": "2015-09-09T14:48:44.930", "is_active": true, "telephone": "", "groups": [], "email": "", "password": ""}, "model": "accounts.nablauser"}, {"pk": 6, "fields": {"address": "", "mail_number": "", "about": "", "birthday": null, "last_name": "", "user_permissions": [], "avatar": "", "is_staff": false, "ntnu_card_number": "", "web_page": "", "cell_phone": "", "is_superuser": false, "wants_email": true, "last_login": "2015-09-09T14:52:42.957", "first_name": "", "username": "Anders", "date_joined": "2015-09-09T14:52:42.957", "is_active": true, "telephone": "", "groups": [], "email": "", "password": ""}, "model": "accounts.nablauser"}, {"pk": 7, "fields": {"address": "", "mail_number": "", "about": "", "birthday": null, "last_name": "", "user_permissions": [], "avatar": "", "is_staff": false, "ntnu_card_number": "", "web_page": "", "cell_phone": "", "is_superuser": false, "wants_email": true, "last_login": "2015-09-19T12:26:36.687", "first_name": "", "username": "oppdater", "date_joined": "2015-09-19T12:26:36.656", "is_active": true, "telephone": "", "groups": [], "email": "", "password": "pbkdf2_sha256$20000$klvlDfIqlV9p$xN4eEZ533qOhVL6J02ehzpwWB1txzrr4+lnIjgAY9v8="}, "model": "accounts.nablauser"}, {"pk": 1, "fields": {"allow_comments": true, "slug": "dette-er-en-test", "content": "Ble asdvmasldm\u00f8lasd\r\nbasdba\r\nsdb\r\n\r\n[image:2]\r\n    Webkom p\u00e5 innutfest", "created_date": "2015-11-02T22:49:31.252", "blog": 1, "last_changed_by": 1, "created_by": 1, "edit_listeners": [], "view_counter": 32, "last_changed_date": "2016-01-05T20:34:43.576", "title": "Dette er en test"}, "model": "content.blogpost"}, {"pk": 1, "fields": {"short_name": "avsdasdva", "registration_deadline": "2015-05-09T11:00:00", "registration_required": true, "location": "asdvadsv", "facebook_url": "", "event_end": null, "event_start": "2016-02-10T20:00:00", "places": 100, "organizer": "", "edit_listeners": [], "has_queue": false, "deregistration_deadline": null, "registration_start": "2015-05-08T18:00:00", "open_for": []}, "model": "content.event"}, {"pk": 4, "fields": {"short_name": "Event", "registration_deadline": "2015-08-31T00:00:00", "registration_required": true, "location": "Her", "facebook_url": "", "event_end": "2016-02-03T22:00:00", "event_start": "2016-02-03T07:00:00", "places": 100, "organizer": "", "edit_listeners": [], "has_queue": false, "deregistration_deadline": null, "registration_start": "2015-08-19T00:00:00", "open_for": []}, "model": "content.event"}, {"pk": 8, "fields": {"short_name": "Testarr", "registration_deadline": "2016-01-24T20:00:00", "registration_required": true, "location": "Nabla", "facebook_url": "", "event_end": null, "event_start": "2016-02-03T20:07:29", "places": 10, "organizer": "", "edit_listeners": [], "has_queue": true, "deregistration_deadline": null, "registration_start": "2016-01-24T16:52:00", "open_for": []}, "model": "content.event"}, {"pk": 1, "fields": {"number": 1, "event": 1, "user": 1, "date": "2015-05-08T20:00:14.357", "attending": true}, "model": "content.eventregistration"}, {"pk": 6, "fields": {"number": 1, "event": 4, "user": 1, "date": "2015-08-31T20:24:04.559", "attending": true}, "model": "content.eventregistration"}, {"pk": 7, "fields": {"number": 1, "event": 8, "user": 1, "date": "2015-09-14T20:09:24.203", "attending": true}, "model": "content.eventregistration"}, {"pk": 1, "fields": {"publication_date": null, "created_date": "2015-05-08T19:54:48.134", "priority": 5, "headline": "VAS", "lead_paragraph": "asdvasdvasdva", "view_counter": 0, "cropping": "", "picture": "", "body": "asdvasdva", "allow_comments": true, "slug": "asdvasdv", "edit_listeners": [], "last_changed_by": 1, "created_by": 1, "content_type": 57, "last_changed_date": "2016-02-02T22:05:03.223", "published": null}, "model": "content.news"}, {"pk": 3, "fields": {"publication_date": null, "created_date": "2015-08-11T17:47:22.552", "priority": 5, "headline": "M\u00f8te", "lead_paragraph": "asdva", "view_counter": 1, "cropping": "", "picture": "", "body": "", "allow_comments": true, "slug": "mote", "edit_listeners": [], "last_changed_by": 1, "created_by": 1, "content_type": 55, "last_changed_date": "2015-11-06T19:27:26.729", "published": null}, "model": "content.news"}, {"pk": 4, "fields": {"publication_date": null, "created_date": "2015-08-12T01:18:54.817", "priority": 5, "headline": "Skr\u00e5ttcast-event", "lead_paragraph": "Blasvasdvasdvasdva", "view_counter": 0, "cropping": "", "picture": "", "body": "vasdvasdvasdvasdva", "allow_comments": true, "slug": "skrattcast-event", "edit_listeners": [], "last_changed_by": 1, "created_by": 1, "content_type": 57, "last_changed_date": "2016-02-02T22:04:35.476", "published": null}, "model": "content.news"}, {"pk": 5, "fields": {"publication_date": null, "created_date": "2015-08-31T20:05:31.069", "priority": 5, "headline": "Test", "lead_paragraph": "dvnaksndv", "view_counter": 13, "cropping": "0,437,600,671", "picture": "news_pictures/abakus.png", "body": "Br\u00f8dtekst nfknvsdfvskndfv", "allow_comments": true, "slug": "test", "edit_listeners": [], "last_changed_by": 1, "created_by": 1, "content_type": 55, "last_changed_date": "2016-01-25T11:40:29.950", "published": null}, "model": "content.news"}, {"pk": 6, "fields": {"publication_date": null, "created_date": "2015-09-01T16:53:01.874", "priority": 5, "headline": "Bla blababa", "lead_paragraph": "asdvasdvasdva", "view_counter": 0, "cropping": "", "picture": "", "body": "asdvasdv", "allow_comments": true, "slug": "bla-blababa", "edit_listeners": [], "last_changed_by": 1, "created_by": 1, "content_type": 55, "last_changed_date": "2015-11-06T19:27:27.184", "published": null}, "model": "content.news"}, {"pk": 7, "fields": {"publication_date": null, "created_date": "2015-09-04T07:56:59.446", "priority": 5, "headline": "Bjbjbjb", "lead_paragraph": "khjhbjhvhvbvb b vhgvhvnb nbvhvnb nb nbvhb", "view_counter": 1, "cropping": "", "picture": "", "body": "hbhjnb nhbnb n nbnnbnmbnm nm", "allow_comments": true, "slug": "bjbjbjb", "edit_listeners": [], "last_changed_by": null, "created_by": null, "content_type": 55, "last_changed_date": "2015-11-07T17:21:29.427", "published": null}, "model": "content.news"}, {"pk": 8, "fields": {"publication_date": "2015-11-02T18:00:00", "created_date": "2015-09-14T20:08:01.363", "priority": 5, "headline": "Dette er et test arrangement", "lead_paragraph": "asdcasdvasdvasdva", "view_counter": 7, "cropping": "", "picture": "", "body": "", "allow_comments": true, "slug": "dette-er-et-testarrangement", "edit_listeners": [], "last_changed_by": 1, "created_by": 1, "content_type": 57, "last_changed_date": "2016-02-02T22:04:11.407", "published": true}, "model": "content.news"}, {"pk": 9, "fields": {"publication_date": null, "created_date": "2015-09-17T19:14:53.343", "priority": 5, "headline": "Bedpres", "lead_paragraph": "asdncjkasdv asnmd v", "view_counter": 3, "cropping": "0,28,249,125", "picture": "news_pictures/12033824_10205213013384825_429299839_n.jpg", "body": "q fjknjk vsk dfkvnsdfjnvs\u00f8kjdfnvskdfvns dfknsjkfdvs", "allow_comments": true, "slug": "bedpres", "edit_listeners": [], "last_changed_by": 1, "created_by": 1, "content_type": 12, "last_changed_date": "2016-02-02T22:06:06.862", "published": null}, "model": "content.news"}, {"pk": 10, "fields": {"publication_date": "2015-11-11T12:00:00", "created_date": "2015-11-02T18:12:01.591", "priority": 5, "headline": "Nyhet for alle sammen jajamensan", "lead_paragraph": "sadvasdvasdv\r\n\r\n* Dette\r\n* Er \r\n* En \r\n* Test", "view_counter": 52, "cropping": "", "picture": "", "body": "asdvasdvasdvasd\r\n\r\n[image:1 size:large align:left]\r\n    Dette er et bilde av meg selv :)", "allow_comments": true, "slug": "nyhet-alle-sammen", "edit_listeners": [1, 2, 3, 4, 5, 6, 7], "last_changed_by": 1, "created_by": 1, "content_type": 55, "last_changed_date": "2016-01-20T23:04:28.822", "published": true}, "model": "content.news"}, {"pk": 11, "fields": {"publication_date": null, "created_date": "2016-01-24T00:51:46.702", "priority": 5, "headline": "Mars 88", "lead_paragraph": "Dette er en test", "view_counter": 11, "cropping": "", "picture": "uploads/news_pictures/banner.png", "body": "", "allow_comments": true, "slug": "mars-88", "edit_listeners": [], "last_changed_by": 1, "created_by": 1, "content_type": 15, "last_changed_date": "2016-01-29T16:18:56.720", "published": true}, "model": "content.news"}, {"pk": 12, "fields": {"publication_date": null, "created_date": "2016-01-24T16:25:57.915", "priority": 5, "headline": "Oktober", "lead_paragraph": "Nabla", "view_counter": 7, "cropping": "0,68,1453,634", "picture": "uploads/news_pictures/gl\u00f8s.jpg", "body": "", "allow_comments": true, "slug": "oktober", "edit_listeners": [], "last_changed_by": 1, "created_by": 1, "content_type": 15, "last_changed_date": "2016-01-27T17:57:46.482", "published": true}, "model": "content.news"}, {"pk": 13, "fields": {"publication_date": null, "created_date": "2016-01-24T16:26:26.906", "priority": 5, "headline": "Des 89", "lead_paragraph": "", "view_counter": 4, "cropping": "0,51,1400,597", "picture": "uploads/news_pictures/okonomi.jpg", "body": "", "allow_comments": true, "slug": "des-89", "edit_listeners": [], "last_changed_by": 1, "created_by": 1, "content_type": 15, "last_changed_date": "2016-01-27T17:56:01.666", "published": true}, "model": "content.news"}, {"pk": 14, "fields": {"publication_date": null, "created_date": "2016-02-02T22:07:31.694", "priority": 5, "headline": "Bedpres #1", "lead_paragraph": "fdasdfasdvasdv", "view_counter": 0, "cropping": "", "picture": "", "body": "avsdvasdvasdvasdvasdvasdvasdv", "allow_comments": true, "slug": "bedpres-1", "edit_listeners": [], "last_changed_by": 1, "created_by": 1, "content_type": 12, "last_changed_date": "2016-02-02T22:07:31.694", "published": true}, "model": "content.news"}, {"pk": 1, "fields": {"visibility": "p", "created_date": "2015-09-04T19:39:50.586", "title": "Dette er en test", "last_changed_by": 1, "created_by": 1, "view_counter": 0, "last_changed_date": "2016-02-03T12:05:54.446", "edit_listeners": []}, "model": "content.album"}, {"pk": 2, "fields": {"visibility": "p", "created_date": "2016-01-03T17:07:23.498", "title": "Nytt album", "last_changed_by": 1, "created_by": 1, "view_counter": 0, "last_changed_date": "2016-02-03T12:05:36.666", "edit_listeners": []}, "model": "content.album"}, {"pk": 3, "fields": {"visibility": "p", "created_date": "2016-01-03T17:08:45.185", "title": "Profilalbum", "last_changed_by": 1, "created_by": 1, "view_counter": 0, "last_changed_date": "2016-02-03T13:11:18.265", "edit_listeners": []}, "model": "content.album"}, {"pk": 4, "fields": {"visibility": "p", "created_date": "2016-02-02T22:03:03.806", "title": "Nytt album", "last_changed_by": 1, "created_by": 1, "view_counter": 0, "last_changed_date": "2016-02-03T13:11:00.541", "edit_listeners": []}, "model": "content.album"}, {"pk": 1, "fields": {"user": 1, "reference_id": 10, "model_name": "podcast.podcast"}, "model": "accounts.likepress"}, {"pk": 8, "fields": {"user": 1, "reference_id": 10, "model_name": "podcast"}, "model": "accounts.likepress"}, {"pk": 10, "fields": {"user": 1, "reference_id": 3, "model_name": "news"}, "model": "accounts.likepress"}, {"pk": 15, "fields": {"user": 1, "reference_id": 1, "model_name": "adventdoor"}, "model": "accounts.likepress"}, {"pk": 17, "fields": {"user": 1, "reference_id": 11, "model_name": "nablad"}, "model": "accounts.likepress"}, {"pk": 1, "fields": {"publication_date": null, "website": "", "created_date": "2015-09-01T16:52:11.994", "name": "Dette", "view_counter": 0, "cropping": "", "picture": "", "description": "dsvasdv", "allow_comments": true, "slug": "dette", "edit_listeners": [], "last_changed_by": 1, "created_by": 1, "content_type": null, "last_changed_date": "2015-09-01T16:52:11.994", "published": null}, "model": "jobs.company"}, {"pk": 7, "fields": {"deadline_date": null, "removal_date": "2016-08-12T00:00:00", "relevant_for_year": [1], "tags": [], "edit_listeners": [], "company": 1, "info_website": "", "info_file": "", "relevant_for_group": [1]}, "model": "jobs.advert"}, {"pk": 6, "fields": {"short_name": "sdvasdv", "registration_deadline": null, "registration_required": false, "location": "Nabla", "facebook_url": "", "event_end": null, "event_start": "2015-09-16T00:00:00", "places": null, "organizer": "Nablaweb", "company": 1, "edit_listeners": [], "has_queue": null, "deregistration_deadline": null, "registration_start": null, "bpcid": "1234", "open_for": []}, "model": "bedpres.bedpres"}, {"pk": 9, "fields": {"short_name": "bedpres", "registration_deadline": "2015-09-24T19:14:31", "registration_required": true, "location": "Nabla", "facebook_url": "", "event_end": null, "event_start": "2016-02-10T23:00:00", "places": 10, "organizer": "Bedkom", "company": 1, "edit_listeners": [], "has_queue": null, "deregistration_deadline": null, "registration_start": "2015-09-17T19:14:37", "bpcid": "-1", "open_for": []}, "model": "bedpres.bedpres"}, {"pk": 14, "fields": {"short_name": "Bed", "registration_deadline": null, "registration_required": false, "location": "Kontoret", "facebook_url": "", "event_end": null, "event_start": "2016-02-04T12:00:00", "places": null, "organizer": "", "company": 1, "edit_listeners": [], "has_queue": null, "deregistration_deadline": null, "registration_start": null, "bpcid": "0", "open_for": []}, "model": "bedpres.bedpres"}, {"pk": 1, "fields": {"last_changed_date": "2015-08-10T12:47:32.727", "last_changed_by": null, "slug": "ny-komite", "description": "SDVansvalsdv aks  ansdv ans fm, akdsvn amsd va sv mna skjvndsva", "com": 1}, "model": "com.compage"}, {"pk": 5, "fields": {"file": "nabladet/abakus.png", "pub_date": "2015-08-31", "thumbnail": "nabladet/abakus.png.jpg", "edit_listeners": []}, "model": "nabladet.nablad"}, {"pk": 11, "fields": {"file": "nabladet/mars88_VjAqC5j.pdf", "pub_date": "2016-01-24", "thumbnail": "nabladet/mars88_VjAqC5j.pdf.jpg", "edit_listeners": []}, "model": "nabladet.nablad"}, {"pk": 12, "fields": {"file": "nabladet/okt89.pdf", "pub_date": "2016-01-24", "thumbnail": "nabladet/okt89.pdf.jpg", "edit_listeners": []}, "model": "nabladet.nablad"}, {"pk": 13, "fields": {"file": "nabladet/des89.pdf", "pub_date": "2016-01-24", "thumbnail": "nabladet/des89.pdf.jpg", "edit_listeners": []}, "model": "nabladet.nablad"}, {"pk": 3, "fields": {"file": "meeting_records/Anders.ttf", "pub_date": "2015-08-11", "edit_listeners": []}, "model": "meeting_records.meetingrecord"}, {"pk": 1, "fields": {"is_user_poll": false, "publication_date": "2015-08-08T17:17:00", "edit_date": "2015-11-07T17:53:30.058", "users_voted": [1], "created_by": null, "question": "Hva holder du p\u00e5 med?", "creation_date": "2015-08-08T17:17:13.617", "is_current": false, "content_type": 17}, "model": "poll.poll"}, {"pk": 2, "fields": {"is_user_poll": false, "publication_date": "2015-09-02T00:00:00", "edit_date": "2015-11-07T17:53:30.185", "users_voted": [1], "created_by": null, "question": "Hva skjer?", "creation_date": "2015-09-02T07:55:08.338", "is_current": false, "content_type": 17}, "model": "poll.poll"}, {"pk": 3, "fields": {"is_user_poll": false, "publication_date": "2015-09-26T09:49:43.708", "edit_date": "2015-11-07T17:53:30.340", "users_voted": [], "created_by": null, "question": "Hva holder du p\u00e5 med?", "creation_date": "2015-09-26T09:49:43.709", "is_current": false, "content_type": 17}, "model": "poll.poll"}, {"pk": 8, "fields": {"is_user_poll": true, "publication_date": "2015-09-26T13:01:38.051", "edit_date": "2015-11-07T17:53:30.494", "users_voted": [1], "created_by": 1, "question": "Hvem har best tits?", "creation_date": "2015-09-26T10:19:46.191", "is_current": false, "content_type": 17}, "model": "poll.poll"}, {"pk": 11, "fields": {"is_user_poll": true, "publication_date": "2015-09-26T13:57:33.116", "edit_date": "2015-11-07T17:53:30.639", "users_voted": [1, 3], "created_by": 1, "question": "Er det kult med brukeravstemninger?", "creation_date": "2015-09-26T13:24:34.106", "is_current": false, "content_type": 17}, "model": "poll.poll"}, {"pk": 14, "fields": {"is_user_poll": true, "publication_date": "2015-09-26T14:13:41.905", "edit_date": "2015-11-07T17:53:30.804", "users_voted": [], "created_by": 3, "question": "Test", "creation_date": "2015-09-26T14:13:41.906", "is_current": false, "content_type": 17}, "model": "poll.poll"}, {"pk": 16, "fields": {"is_user_poll": true, "publication_date": "2015-11-03T22:39:04.864", "edit_date": "2015-11-07T17:53:30.961", "users_voted": [], "created_by": 1, "question": "Dette er en test", "creation_date": "2015-11-03T22:39:04.865", "is_current": false, "content_type": 17}, "model": "poll.poll"}, {"pk": 18, "fields": {"is_user_poll": true, "publication_date": "2015-11-03T22:42:47.442", "edit_date": "2015-11-07T17:53:31.115", "users_voted": [], "created_by": 1, "question": "Dette er en test", "creation_date": "2015-11-03T22:42:47.445", "is_current": false, "content_type": 17}, "model": "poll.poll"}, {"pk": 19, "fields": {"is_user_poll": true, "publication_date": "2015-11-03T22:44:22.395", "edit_date": "2015-11-07T17:53:31.270", "users_voted": [], "created_by": 1, "question": "Hvem har best tits?", "creation_date": "2015-11-03T22:44:22.396", "is_current": false, "content_type": 17}, "model": "poll.poll"}, {"pk": 1, "fields": {"votes": 0, "creation_date": "2015-08-08T17:17:13.620", "poll": 1, "choice": "Ja", "created_by": null}, "model": "poll.choice"}, {"pk": 2, "fields": {"votes": 0, "creation_date": "2015-08-08T17:17:13.620", "poll": 1, "choice": "Nei", "created_by": null}, "model": "poll.choice"}, {"pk": 3, "fields": {"votes": 1, "creation_date": "2015-08-08T17:17:13.621", "poll": 1, "choice": "Jeg skal bare", "created_by": null}, "model": "poll.choice"}, {"pk": 4, "fields": {"votes": 1, "creation_date": "2015-09-02T07:55:08.341", "poll": 2, "choice": "Alt er ute himmelen faller!", "created_by": null}, "model": "poll.choice"}, {"pk": 5, "fields": {"votes": 1, "creation_date": "2015-09-26T11:11:57.747", "poll": 8, "choice": "Anders", "created_by": null}, "model": "poll.choice"}, {"pk": 6, "fields": {"votes": 0, "creation_date": "2015-09-26T11:23:14.750", "poll": 8, "choice": "Marian", "created_by": null}, "model": "poll.choice"}, {"pk": 7, "fields": {"votes": 1, "creation_date": "2015-09-26T13:24:34.572", "poll": 11, "choice": "Ja", "created_by": null}, "model": "poll.choice"}, {"pk": 8, "fields": {"votes": 0, "creation_date": "2015-09-26T13:24:34.727", "poll": 11, "choice": "Nei", "created_by": null}, "model": "poll.choice"}, {"pk": 9, "fields": {"votes": 1, "creation_date": "2015-09-26T13:24:34.838", "poll": 11, "choice": "Vet ikke helt", "created_by": null}, "model": "poll.choice"}, {"pk": 14, "fields": {"votes": 0, "creation_date": "2015-09-26T14:13:42.189", "poll": 14, "choice": "DVasdva", "created_by": null}, "model": "poll.choice"}, {"pk": 15, "fields": {"votes": 0, "creation_date": "2015-09-26T14:13:42.367", "poll": 14, "choice": "asdv", "created_by": null}, "model": "poll.choice"}, {"pk": 20, "fields": {"votes": 0, "creation_date": "2015-11-03T22:39:05.717", "poll": 16, "choice": "Dette er en annen test", "created_by": null}, "model": "poll.choice"}, {"pk": 21, "fields": {"votes": 0, "creation_date": "2015-11-03T22:39:05.908", "poll": 16, "choice": "<script> if (!String.prototype.format) {   String.prototype.format = function() ", "created_by": null}, "model": "poll.choice"}, {"pk": 22, "fields": {"votes": 0, "creation_date": "2015-11-03T22:39:06.186", "poll": 16, "choice": "<script> if (!String.prototype.format) {   String.prototype.format = function() ", "created_by": null}, "model": "poll.choice"}, {"pk": 23, "fields": {"votes": 0, "creation_date": "2015-11-03T22:39:06.364", "poll": 16, "choice": "<script> if (!String.prototype.format) {   String.prototype.format = function() ", "created_by": null}, "model": "poll.choice"}, {"pk": 28, "fields": {"votes": 0, "creation_date": "2015-11-03T22:42:47.698", "poll": 18, "choice": "Dette er en annen test", "created_by": null}, "model": "poll.choice"}, {"pk": 29, "fields": {"votes": 0, "creation_date": "2015-11-03T22:42:47.864", "poll": 18, "choice": "<script> if (!String.prototype.format) {   String.prototype.format = function() ", "created_by": null}, "model": "poll.choice"}, {"pk": 30, "fields": {"votes": 0, "creation_date": "2015-11-03T22:42:48.020", "poll": 18, "choice": "<script> if (!String.prototype.format) {   String.prototype.format = function() ", "created_by": null}, "model": "poll.choice"}, {"pk": 31, "fields": {"votes": 0, "creation_date": "2015-11-03T22:42:48.166", "poll": 18, "choice": "<script> if (!String.prototype.format) {   String.prototype.format = function() ", "created_by": null}, "model": "poll.choice"}, {"pk": 32, "fields": {"votes": 0, "creation_date": "2015-11-03T22:44:22.661", "poll": 19, "choice": "JA", "created_by": null}, "model": "poll.choice"}, {"pk": 1, "fields": {"winner": 1, "short_description": "Webkom", "image": "./door2.png", "created_date": "2015-10-07T14:58:08.459", "view_counter": 0, "last_changed_date": "2015-11-24T00:27:12.438", "is_text_response": true, "created_by": null, "calendar": 1, "is_lottery": true, "edit_listeners": [], "last_changed_by": null, "committee": null, "number": 1, "content_type": 64, "quiz": null, "content": "# Hello\r\nDette er webkom\r\n[image:2]\r\n    Dette er en test\r\n<button id=\"start\" class=\"btn btn-large btn-primary\">start</button>\r\n<button id=\"add\" class=\"btn btn-large btn-primary\">Gave</button>\r\n<script src=\"/static/js/webkom.js\"></script>\r\n<div  id=\"viewport\">\r\n</div>", "template": "interactive/advent_door_base.html"}, "model": "interactive.adventdoor"}, {"pk": 2, "fields": {"winner": 1, "short_description": "", "image": "./RP-156.png", "created_date": "2015-10-10T11:05:52.586", "view_counter": 0, "last_changed_date": "2015-11-24T00:51:59.708", "is_text_response": true, "created_by": null, "calendar": 1, "is_lottery": true, "edit_listeners": [], "last_changed_by": null, "committee": null, "number": 2, "content_type": 64, "quiz": null, "content": "Is it me\r\n\r\nThis is ground control to major Tom", "template": "interactive/advent_door_base.html"}, "model": "interactive.adventdoor"}, {"pk": 3, "fields": {"winner": null, "short_description": "", "image": "", "created_date": "2015-10-10T11:05:52.586", "view_counter": 0, "last_changed_date": "2015-11-23T22:59:23.495", "is_text_response": true, "created_by": null, "calendar": 1, "is_lottery": true, "edit_listeners": [], "last_changed_by": null, "committee": null, "number": 3, "content_type": 64, "quiz": null, "content": "You're looking foravsv", "template": "interactive/advent_door_base.html"}, "model": "interactive.adventdoor"}, {"pk": 4, "fields": {"winner": 1, "short_description": "", "image": "", "created_date": "2015-10-10T11:07:19.784", "view_counter": 0, "last_changed_date": "2015-11-24T20:30:19.708", "is_text_response": false, "created_by": null, "calendar": 1, "is_lottery": true, "edit_listeners": [], "last_changed_by": null, "committee": null, "number": 4, "content_type": 64, "quiz": 2, "content": "avsd", "template": "interactive/advent_door_base.html"}, "model": "interactive.adventdoor"}, {"pk": 5, "fields": {"winner": null, "short_description": "", "image": "", "created_date": "2015-10-10T11:07:19.785", "view_counter": 0, "last_changed_date": "2015-11-24T00:41:37.241", "is_text_response": false, "created_by": null, "calendar": 1, "is_lottery": false, "edit_listeners": [], "last_changed_by": null, "committee": null, "number": 5, "content_type": 64, "quiz": null, "content": "avsd", "template": "interactive/advent_door_base.html"}, "model": "interactive.adventdoor"}, {"pk": 6, "fields": {"winner": null, "short_description": "", "image": "", "created_date": "2015-10-10T11:07:19.786", "view_counter": 0, "last_changed_date": "2015-11-10T21:28:01.810", "is_text_response": false, "created_by": null, "calendar": 1, "is_lottery": false, "edit_listeners": [], "last_changed_by": null, "committee": null, "number": 6, "content_type": 64, "quiz": null, "content": "kfkf", "template": "interactive/advent_door_base.html"}, "model": "interactive.adventdoor"}, {"pk": 7, "fields": {"winner": null, "short_description": "", "image": "", "created_date": "2015-10-10T11:07:19.786", "view_counter": 0, "last_changed_date": "2015-11-24T00:25:32.795", "is_text_response": false, "created_by": null, "calendar": 1, "is_lottery": true, "edit_listeners": [], "last_changed_by": null, "committee": null, "number": 7, "content_type": 64, "quiz": null, "content": "I can see it in your eyes. \r\n\r\n[image:1]\r\n    Oh yeah", "template": "interactive/advent_door_base.html"}, "model": "interactive.adventdoor"}, {"pk": 8, "fields": {"winner": null, "short_description": "", "image": "", "created_date": "2015-10-10T11:07:19.787", "view_counter": 0, "last_changed_date": "2015-11-10T21:28:01.812", "is_text_response": false, "created_by": null, "calendar": 1, "is_lottery": false, "edit_listeners": [], "last_changed_by": null, "committee": null, "number": 8, "content_type": 64, "quiz": null, "content": "vf fvnfvjvfnkdjf", "template": "interactive/advent_door_base.html"}, "model": "interactive.adventdoor"}, {"pk": 9, "fields": {"winner": null, "short_description": "", "image": "", "created_date": "2015-10-10T11:07:19.787", "view_counter": 0, "last_changed_date": "2015-11-10T21:28:01.813", "is_text_response": false, "created_by": null, "calendar": 1, "is_lottery": false, "edit_listeners": [], "last_changed_by": null, "committee": null, "number": 9, "content_type": 64, "quiz": null, "content": "vfsdjkfdvjkslk", "template": "interactive/advent_door_base.html"}, "model": "interactive.adventdoor"}, {"pk": 10, "fields": {"winner": null, "short_description": "", "image": "", "created_date": "2015-10-10T11:07:19.788", "view_counter": 0, "last_changed_date": "2015-11-10T21:28:01.815", "is_text_response": false, "created_by": null, "calendar": 1, "is_lottery": false, "edit_listeners": [], "last_changed_by": null, "committee": null, "number": 10, "content_type": 64, "quiz": null, "content": "djfdjkdfdf ", "template": "interactive/advent_door_base.html"}, "model": "interactive.adventdoor"}, {"pk": 11, "fields": {"winner": null, "short_description": "", "image": "", "created_date": "2015-10-10T11:07:19.789", "view_counter": 0, "last_changed_date": "2015-11-10T21:28:01.816", "is_text_response": false, "created_by": null, "calendar": 1, "is_lottery": false, "edit_listeners": [], "last_changed_by": null, "committee": null, "number": 11, "content_type": 64, "quiz": null, "content": "mfd fv ", "template": "interactive/advent_door_base.html"}, "model": "interactive.adventdoor"}, {"pk": 12, "fields": {"winner": null, "short_description": "", "image": "", "created_date": "2015-10-10T11:07:19.790", "view_counter": 0, "last_changed_date": "2015-11-10T21:28:01.818", "is_text_response": false, "created_by": null, "calendar": 1, "is_lottery": false, "edit_listeners": [], "last_changed_by": null, "committee": null, "number": 12, "content_type": 64, "quiz": null, "content": "dsmd, csdf sdfv sdfv sdfv", "template": "interactive/advent_door_base.html"}, "model": "interactive.adventdoor"}, {"pk": 13, "fields": {"winner": null, "short_description": "", "image": "", "created_date": "2015-10-10T11:07:19.790", "view_counter": 0, "last_changed_date": "2015-11-10T21:28:01.820", "is_text_response": false, "created_by": null, "calendar": 1, "is_lottery": false, "edit_listeners": [], "last_changed_by": null, "committee": null, "number": 13, "content_type": 64, "quiz": null, "content": "dfvn dfvnkdf nfn dfdf mdf", "template": "interactive/advent_door_base.html"}, "model": "interactive.adventdoor"}, {"pk": 14, "fields": {"winner": null, "short_description": "", "image": "", "created_date": "2015-10-10T11:07:19.791", "view_counter": 0, "last_changed_date": "2015-11-10T21:28:01.822", "is_text_response": false, "created_by": null, "calendar": 1, "is_lottery": false, "edit_listeners": [], "last_changed_by": null, "committee": null, "number": 14, "content_type": 64, "quiz": null, "content": "vfdsdfnv", "template": "interactive/advent_door_base.html"}, "model": "interactive.adventdoor"}, {"pk": 15, "fields": {"winner": null, "short_description": "", "image": "", "created_date": "2015-10-10T11:07:19.791", "view_counter": 0, "last_changed_date": "2015-11-10T21:28:01.823", "is_text_response": false, "created_by": null, "calendar": 1, "is_lottery": false, "edit_listeners": [], "last_changed_by": null, "committee": null, "number": 15, "content_type": 64, "quiz": null, "content": "fvnklsd", "template": "interactive/advent_door_base.html"}, "model": "interactive.adventdoor"}, {"pk": 16, "fields": {"winner": null, "short_description": "", "image": "", "created_date": "2015-10-10T11:07:19.792", "view_counter": 0, "last_changed_date": "2015-11-10T21:28:01.824", "is_text_response": false, "created_by": null, "calendar": 1, "is_lottery": false, "edit_listeners": [], "last_changed_by": null, "committee": null, "number": 16, "content_type": 64, "quiz": null, "content": "fsvdf", "template": "interactive/advent_door_base.html"}, "model": "interactive.adventdoor"}, {"pk": 17, "fields": {"winner": null, "short_description": "", "image": "", "created_date": "2015-10-10T11:07:19.793", "view_counter": 0, "last_changed_date": "2015-11-10T21:28:01.826", "is_text_response": false, "created_by": null, "calendar": 1, "is_lottery": false, "edit_listeners": [], "last_changed_by": null, "committee": null, "number": 17, "content_type": 64, "quiz": null, "content": "fvsd", "template": "interactive/advent_door_base.html"}, "model": "interactive.adventdoor"}, {"pk": 18, "fields": {"winner": null, "short_description": "", "image": "", "created_date": "2015-10-10T11:07:19.793", "view_counter": 0, "last_changed_date": "2015-11-10T21:28:01.827", "is_text_response": false, "created_by": null, "calendar": 1, "is_lottery": false, "edit_listeners": [], "last_changed_by": null, "committee": null, "number": 18, "content_type": 64, "quiz": null, "content": "sdfvsd", "template": "interactive/advent_door_base.html"}, "model": "interactive.adventdoor"}, {"pk": 19, "fields": {"winner": null, "short_description": "", "image": "", "created_date": "2015-10-10T11:07:19.794", "view_counter": 0, "last_changed_date": "2015-11-10T21:28:01.829", "is_text_response": false, "created_by": null, "calendar": 1, "is_lottery": false, "edit_listeners": [], "last_changed_by": null, "committee": null, "number": 19, "content_type": 64, "quiz": null, "content": "dfvs", "template": "interactive/advent_door_base.html"}, "model": "interactive.adventdoor"}, {"pk": 20, "fields": {"winner": null, "short_description": "", "image": "", "created_date": "2015-10-10T11:07:19.794", "view_counter": 0, "last_changed_date": "2015-11-10T21:28:01.830", "is_text_response": false, "created_by": null, "calendar": 1, "is_lottery": false, "edit_listeners": [], "last_changed_by": null, "committee": null, "number": 20, "content_type": 64, "quiz": null, "content": "dfvsdfv", "template": "interactive/advent_door_base.html"}, "model": "interactive.adventdoor"}, {"pk": 21, "fields": {"winner": null, "short_description": "", "image": "", "created_date": "2015-10-10T11:07:19.795", "view_counter": 0, "last_changed_date": "2015-11-10T21:28:01.831", "is_text_response": false, "created_by": null, "calendar": 1, "is_lottery": false, "edit_listeners": [], "last_changed_by": null, "committee": null, "number": 21, "content_type": 64, "quiz": null, "content": "sdfvsdfv", "template": "interactive/advent_door_base.html"}, "model": "interactive.adventdoor"}, {"pk": 22, "fields": {"winner": null, "short_description": "", "image": "", "created_date": "2015-10-10T11:07:19.796", "view_counter": 0, "last_changed_date": "2015-11-10T21:28:01.833", "is_text_response": false, "created_by": null, "calendar": 1, "is_lottery": false, "edit_listeners": [], "last_changed_by": null, "committee": null, "number": 22, "content_type": 64, "quiz": null, "content": "dfvsdfvsdf", "template": "interactive/advent_door_base.html"}, "model": "interactive.adventdoor"}, {"pk": 23, "fields": {"winner": null, "short_description": "", "image": "", "created_date": "2015-10-10T11:07:19.796", "view_counter": 0, "last_changed_date": "2015-11-10T21:28:01.835", "is_text_response": false, "created_by": null, "calendar": 1, "is_lottery": false, "edit_listeners": [], "last_changed_by": null, "committee": null, "number": 23, "content_type": 64, "quiz": null, "content": "vsdfvsdf", "template": "interactive/advent_door_base.html"}, "model": "interactive.adventdoor"}, {"pk": 24, "fields": {"winner": null, "short_description": "", "image": "", "created_date": "2015-10-10T11:07:19.797", "view_counter": 0, "last_changed_date": "2015-11-10T21:28:01.836", "is_text_response": false, "created_by": null, "calendar": 1, "is_lottery": false, "edit_listeners": [], "last_changed_by": null, "committee": null, "number": 24, "content_type": 64, "quiz": null, "content": "sdfvsdfvsdf", "template": "interactive/advent_door_base.html"}, "model": "interactive.adventdoor"}, {"pk": 8, "fields": {"text": null, "when": "2015-11-23T13:18:29.194", "door": 1, "user": 1}, "model": "interactive.adventparticipation"}, {"pk": 9, "fields": {"text": null, "when": "2015-11-23T23:47:34.932", "door": 2, "user": 1}, "model": "interactive.adventparticipation"}, {"pk": 10, "fields": {"text": "Text test", "when": "2015-11-24T18:05:55.492", "door": 3, "user": 1}, "model": "interactive.adventparticipation"}, {"pk": 11, "fields": {"text": "Test", "when": "2015-11-24T00:01:14.740", "door": 1, "user": 3}, "model": "interactive.adventparticipation"}, {"pk": 12, "fields": {"text": null, "when": "2015-11-24T00:30:27.847", "door": 4, "user": 1}, "model": "interactive.adventparticipation"}, {"pk": 13, "fields": {"text": null, "when": "2015-11-24T00:21:22.344", "door": 7, "user": 1}, "model": "interactive.adventparticipation"}, {"pk": 1, "fields": {"publication_date": null, "created_date": "2015-10-16T18:02:54.915", "title": "Min f\u00f8rste quiz", "view_counter": 0, "scoreboard": 1, "content_type": 67, "created_by": null, "edit_listeners": [], "duration": null, "last_changed_by": null, "is_timed": false, "published": true, "last_changed_date": "2015-11-24T18:21:11.824", "template": "interactive/quiz.html"}, "model": "interactive.quiz"}, {"pk": 2, "fields": {"publication_date": null, "created_date": "2015-10-17T21:32:17.359", "title": "M\u00e5nequiz", "view_counter": 0, "scoreboard": 2, "content_type": 67, "created_by": null, "edit_listeners": [], "duration": 300, "last_changed_by": null, "is_timed": true, "published": true, "last_changed_date": "2015-11-24T19:00:03.349", "template": "interactive/advent_base.html"}, "model": "interactive.quiz"}, {"pk": 3, "fields": {"publication_date": null, "created_date": "2015-10-18T13:18:53.262", "title": "Test", "view_counter": 0, "scoreboard": 3, "content_type": 67, "created_by": null, "edit_listeners": [], "duration": null, "last_changed_by": null, "is_timed": false, "published": true, "last_changed_date": "2015-11-24T18:20:50.204", "template": "interactive/quiz.html"}, "model": "interactive.quiz"}, {"pk": 4, "fields": {"publication_date": null, "created_date": "2015-10-18T13:26:45.396", "title": "Test", "view_counter": 0, "scoreboard": 4, "content_type": 67, "created_by": null, "edit_listeners": [], "duration": null, "last_changed_by": null, "is_timed": false, "published": true, "last_changed_date": "2015-11-24T18:20:43.126", "template": "interactive/quiz.html"}, "model": "interactive.quiz"}, {"pk": 5, "fields": {"publication_date": null, "created_date": "2015-10-18T13:27:05.088", "title": "Test", "view_counter": 0, "scoreboard": 5, "content_type": 67, "created_by": null, "edit_listeners": [], "duration": null, "last_changed_by": null, "is_timed": false, "published": true, "last_changed_date": "2015-11-24T18:20:35.936", "template": "interactive/quiz.html"}, "model": "interactive.quiz"}, {"pk": 2, "fields": {"start": null, "when": "2015-10-17T21:30:20.038", "user": 1, "scoreboard": 1, "score": null}, "model": "interactive.quizreply"}, {"pk": 3, "fields": {"start": null, "when": "2015-10-17T21:30:20.038", "user": 1, "scoreboard": 1, "score": null}, "model": "interactive.quizreply"}, {"pk": 9, "fields": {"start": null, "when": "2015-10-17T22:54:57.043", "user": 1, "scoreboard": 1, "score": 0}, "model": "interactive.quizreply"}, {"pk": 10, "fields": {"start": null, "when": "2015-10-17T22:56:05.303", "user": 1, "scoreboard": 1, "score": 0}, "model": "interactive.quizreply"}, {"pk": 12, "fields": {"start": null, "when": "2015-10-17T23:02:15.370", "user": 1, "scoreboard": 1, "score": 0}, "model": "interactive.quizreply"}, {"pk": 13, "fields": {"start": null, "when": "2015-10-17T23:02:46.376", "user": 1, "scoreboard": 2, "score": 1}, "model": "interactive.quizreply"}, {"pk": 15, "fields": {"start": null, "when": "2015-10-18T12:07:10.562", "user": 1, "scoreboard": 2, "score": 3}, "model": "interactive.quizreply"}, {"pk": 16, "fields": {"start": null, "when": "2015-11-03T13:57:59.829", "user": 1, "scoreboard": 2, "score": 3}, "model": "interactive.quizreply"}, {"pk": 17, "fields": {"start": null, "when": "2015-11-04T01:10:59.203", "user": 1, "scoreboard": 2, "score": 1}, "model": "interactive.quizreply"}, {"pk": 18, "fields": {"start": "2015-11-04T01:33:29.908", "when": "2015-11-04T01:33:29.908", "user": 1, "scoreboard": 1, "score": 0}, "model": "interactive.quizreply"}, {"pk": 19, "fields": {"start": "2015-11-04T01:36:25.969", "when": "2015-11-04T01:36:25.969", "user": 1, "scoreboard": 2, "score": 0}, "model": "interactive.quizreply"}, {"pk": 20, "fields": {"start": "2015-11-04T01:42:04.870", "when": "2015-11-04T01:42:04.870", "user": 1, "scoreboard": 2, "score": 2}, "model": "interactive.quizreply"}, {"pk": 21, "fields": {"start": "2015-11-04T01:43:52.972", "when": "2015-11-04T01:43:52.972", "user": 1, "scoreboard": 3, "score": 0}, "model": "interactive.quizreply"}, {"pk": 22, "fields": {"start": "2015-11-04T01:47:08.593", "when": "2015-11-04T01:47:08.593", "user": 1, "scoreboard": 1, "score": 1}, "model": "interactive.quizreply"}, {"pk": 23, "fields": {"start": "2015-11-04T01:47:24.044", "when": "2015-11-04T01:47:24.044", "user": 1, "scoreboard": 2, "score": 4}, "model": "interactive.quizreply"}, {"pk": 24, "fields": {"start": "2015-11-04T01:48:37.501", "when": "2015-11-04T01:48:37.501", "user": 1, "scoreboard": 3, "score": 0}, "model": "interactive.quizreply"}, {"pk": 25, "fields": {"start": "2015-11-04T01:49:27.417", "when": "2015-11-04T01:49:27.417", "user": 1, "scoreboard": 2, "score": 5}, "model": "interactive.quizreply"}, {"pk": 26, "fields": {"start": "2015-11-04T01:50:13.733", "when": "2015-11-04T01:50:13.733", "user": 1, "scoreboard": 2, "score": 0}, "model": "interactive.quizreply"}, {"pk": 27, "fields": {"start": "2015-11-04T01:51:23.931", "when": "2015-11-04T01:51:23.931", "user": 1, "scoreboard": 2, "score": 0}, "model": "interactive.quizreply"}, {"pk": 28, "fields": {"start": "2015-11-04T02:12:54.239", "when": "2015-11-04T02:12:54.239", "user": 1, "scoreboard": 2, "score": 2}, "model": "interactive.quizreply"}, {"pk": 29, "fields": {"start": "2015-11-24T18:07:52.626", "when": "2015-11-24T18:07:52.626", "user": 1, "scoreboard": 5, "score": 0}, "model": "interactive.quizreply"}, {"pk": 30, "fields": {"start": "2015-11-24T18:09:34.428", "when": "2015-11-24T18:09:34.428", "user": 1, "scoreboard": 3, "score": 0}, "model": "interactive.quizreply"}, {"pk": 31, "fields": {"start": "2015-11-24T18:09:52.616", "when": "2015-11-24T18:09:52.616", "user": 1, "scoreboard": 2, "score": 0}, "model": "interactive.quizreply"}, {"pk": 32, "fields": {"start": "2015-11-24T18:11:47.237", "when": "2015-11-24T18:11:47.237", "user": 1, "scoreboard": 2, "score": 0}, "model": "interactive.quizreply"}, {"pk": 33, "fields": {"start": "2015-11-24T18:13:12.053", "when": "2015-11-24T18:13:12.053", "user": 1, "scoreboard": 2, "score": 0}, "model": "interactive.quizreply"}, {"pk": 34, "fields": {"start": "2015-11-24T18:14:50.778", "when": "2015-11-24T18:14:50.778", "user": 1, "scoreboard": 2, "score": 0}, "model": "interactive.quizreply"}, {"pk": 35, "fields": {"start": "2015-11-24T18:21:29.827", "when": "2015-11-24T18:21:29.827", "user": 1, "scoreboard": 2, "score": 0}, "model": "interactive.quizreply"}, {"pk": 36, "fields": {"start": "2015-11-24T18:21:47.981", "when": "2015-11-24T18:21:47.981", "user": 1, "scoreboard": 2, "score": 0}, "model": "interactive.quizreply"}, {"pk": 37, "fields": {"start": "2015-11-24T18:24:07.371", "when": "2015-11-24T18:24:07.371", "user": 1, "scoreboard": 2, "score": 0}, "model": "interactive.quizreply"}, {"pk": 38, "fields": {"start": "2015-11-24T18:25:42.716", "when": "2015-11-24T18:25:42.716", "user": 1, "scoreboard": 2, "score": 0}, "model": "interactive.quizreply"}, {"pk": 39, "fields": {"start": "2015-11-24T18:29:14.870", "when": "2015-11-24T18:29:14.870", "user": 1, "scoreboard": 2, "score": 0}, "model": "interactive.quizreply"}, {"pk": 40, "fields": {"start": "2015-11-24T18:29:17.459", "when": "2015-11-24T18:29:17.459", "user": 1, "scoreboard": 2, "score": 0}, "model": "interactive.quizreply"}, {"pk": 41, "fields": {"start": "2015-11-24T18:29:41.062", "when": "2015-11-24T18:29:41.062", "user": 1, "scoreboard": 2, "score": 0}, "model": "interactive.quizreply"}, {"pk": 42, "fields": {"start": "2015-11-24T18:30:25.917", "when": "2015-11-24T18:30:25.917", "user": 1, "scoreboard": 2, "score": 0}, "model": "interactive.quizreply"}, {"pk": 43, "fields": {"start": "2015-11-24T18:30:27.629", "when": "2015-11-24T18:30:27.629", "user": 1, "scoreboard": 2, "score": 0}, "model": "interactive.quizreply"}, {"pk": 44, "fields": {"start": "2015-11-24T18:43:51.804", "when": "2015-11-24T18:43:51.804", "user": 1, "scoreboard": 2, "score": 0}, "model": "interactive.quizreply"}, {"pk": 45, "fields": {"start": "2015-11-24T18:43:53.987", "when": "2015-11-24T18:43:53.987", "user": 1, "scoreboard": 2, "score": 0}, "model": "interactive.quizreply"}, {"pk": 46, "fields": {"start": "2015-11-24T18:53:25.457", "when": "2015-11-24T18:53:25.457", "user": 1, "scoreboard": 2, "score": 0}, "model": "interactive.quizreply"}, {"pk": 47, "fields": {"start": "2015-11-24T18:54:36.375", "when": "2015-11-24T18:54:36.375", "user": 1, "scoreboard": 2, "score": 0}, "model": "interactive.quizreply"}, {"pk": 48, "fields": {"start": "2015-11-24T18:56:15.680", "when": "2015-11-24T18:56:15.681", "user": 1, "scoreboard": 2, "score": 0}, "model": "interactive.quizreply"}, {"pk": 49, "fields": {"start": "2015-11-24T19:00:07.871", "when": "2015-11-24T19:00:07.871", "user": 1, "scoreboard": 2, "score": 0}, "model": "interactive.quizreply"}, {"pk": 50, "fields": {"start": "2015-11-24T19:07:56.204", "when": "2015-11-24T19:07:56.204", "user": 1, "scoreboard": 2, "score": 0}, "model": "interactive.quizreply"}, {"pk": 51, "fields": {"start": "2015-11-24T20:33:10.020", "when": "2015-11-24T20:33:10.020", "user": 1, "scoreboard": 2, "score": 0}, "model": "interactive.quizreply"}, {"pk": 52, "fields": {"start": "2015-11-24T20:33:27.719", "when": "2015-11-24T20:33:27.719", "user": 1, "scoreboard": 2, "score": 5}, "model": "interactive.quizreply"}, {"pk": 53, "fields": {"start": "2016-01-20T23:08:07.159", "when": "2016-01-20T23:08:07.159", "user": 1, "scoreboard": 1, "score": 0}, "model": "interactive.quizreply"}, {"pk": 54, "fields": {"start": "2016-01-24T16:29:12.486", "when": "2016-01-24T16:29:12.486", "user": 1, "scoreboard": 1, "score": 0}, "model": "interactive.quizreply"}, {"pk": 1, "fields": {"is_public": true, "object_pk": "8", "site": 1, "user_email": "anderscs@stud.ntnu.no", "user_name": "Anders Christiansen S\u00f8rby", "user": 3, "is_removed": false, "content_type": 55, "submit_date": "2015-11-06T19:47:57.992", "user_url": "", "comment": "TEsas", "ip_address": "127.0.0.1"}, "model": "django_comments.comment"}, {"pk": 2, "fields": {"is_public": true, "object_pk": "10", "site": 1, "user_email": "anderscs@stud.ntnu.no", "user_name": "Anders Christiansen S\u00f8rby", "user": 3, "is_removed": false, "content_type": 19, "submit_date": "2015-11-06T19:48:25.239", "user_url": "", "comment": "Dette er en test", "ip_address": "127.0.0.1"}, "model": "django_comments.comment"}, {"pk": 3, "fields": {"is_public": true, "object_pk": "10", "site": 1, "user_email": "test@example.com", "user_name": "Sredna Ybr\u00f8s", "user": 1, "is_removed": false, "content_type": 19, "submit_date": "2015-11-06T19:49:04.491", "user_url": "", "comment": "Dette er en annen test", "ip_address": "127.0.0.1"}, "model": "django_comments.comment"}, {"pk": 4, "fields": {"is_public": true, "object_pk": "10", "site": 1, "user_email": "test@example.com", "user_name": "Sredna Ybr\u00f8s", "user": 1, "is_removed": false, "content_type": 19, "submit_date": "2015-11-06T19:51:01.798", "user_url": "", "comment": "$ \\int $", "ip_address": "127.0.0.1"}, "model": "django_comments.comment"}, {"pk": 5, "fields": {"is_public": true, "object_pk": "10", "site": 1, "user_email": "test@example.com", "user_name": "Sredna Ybr\u00f8s", "user": 1, "is_removed": false, "content_type": 19, "submit_date": "2015-11-06T20:00:05.452", "user_url": "", "comment": "[[Matte1]]", "ip_address": "127.0.0.1"}, "model": "django_comments.comment"}, {"pk": 1, "fields": {"change_message": "", "object_id": "1", "action_time": "2015-05-08T19:54:48.144", "action_flag": 1, "user": 1, "object_repr": "Event object", "content_type": 5}, "model": "admin.logentry"}, {"pk": 2, "fields": {"change_message": "Endret registration_start.", "object_id": "1", "action_time": "2015-05-08T20:00:05.331", "action_flag": 2, "user": 1, "object_repr": "Event object", "content_type": 5}, "model": "admin.logentry"}, {"pk": 3, "fields": {"change_message": "", "object_id": "1", "action_time": "2015-05-21T00:28:29.550", "action_flag": 1, "user": 1, "object_repr": "Dette er en test", "content_type": 19}, "model": "admin.logentry"}, {"pk": 4, "fields": {"change_message": "", "object_id": "2", "action_time": "2015-05-21T00:28:46.415", "action_flag": 1, "user": 1, "object_repr": "Nok en test", "content_type": 19}, "model": "admin.logentry"}, {"pk": 5, "fields": {"change_message": "", "object_id": "3", "action_time": "2015-05-21T00:28:55.634", "action_flag": 1, "user": 1, "object_repr": "Nok en test", "content_type": 19}, "model": "admin.logentry"}, {"pk": 6, "fields": {"change_message": "", "object_id": "4", "action_time": "2015-05-21T00:29:04.042", "action_flag": 1, "user": 1, "object_repr": "Nok en test", "content_type": 19}, "model": "admin.logentry"}, {"pk": 7, "fields": {"change_message": "", "object_id": "5", "action_time": "2015-05-21T00:29:13.246", "action_flag": 1, "user": 1, "object_repr": "Nok en test", "content_type": 19}, "model": "admin.logentry"}, {"pk": 8, "fields": {"change_message": "", "object_id": "6", "action_time": "2015-05-21T00:29:20.386", "action_flag": 1, "user": 1, "object_repr": "Nok en test", "content_type": 19}, "model": "admin.logentry"}, {"pk": 9, "fields": {"change_message": "", "object_id": "7", "action_time": "2015-05-21T00:29:27.465", "action_flag": 1, "user": 1, "object_repr": "Nok en test", "content_type": 19}, "model": "admin.logentry"}, {"pk": 10, "fields": {"change_message": "", "object_id": "8", "action_time": "2015-05-21T00:29:37.915", "action_flag": 1, "user": 1, "object_repr": "Nok en test2", "content_type": 19}, "model": "admin.logentry"}, {"pk": 11, "fields": {"change_message": "", "object_id": "9", "action_time": "2015-05-21T00:29:51.105", "action_flag": 1, "user": 1, "object_repr": "Nok en test5", "content_type": 19}, "model": "admin.logentry"}, {"pk": 12, "fields": {"change_message": "", "object_id": "1", "action_time": "2015-08-07T17:53:51.912", "action_flag": 1, "user": 1, "object_repr": "1", "content_type": 54}, "model": "admin.logentry"}, {"pk": 13, "fields": {"change_message": "Endret season.", "object_id": "9", "action_time": "2015-08-07T17:54:05.577", "action_flag": 2, "user": 1, "object_repr": "Nok en test5", "content_type": 19}, "model": "admin.logentry"}, {"pk": 14, "fields": {"change_message": "Endret season.", "object_id": "8", "action_time": "2015-08-07T17:54:13.741", "action_flag": 2, "user": 1, "object_repr": "Nok en test2", "content_type": 19}, "model": "admin.logentry"}, {"pk": 15, "fields": {"change_message": "Endret season og is_clip.", "object_id": "4", "action_time": "2015-08-07T17:54:22.916", "action_flag": 2, "user": 1, "object_repr": "Nok en test", "content_type": 19}, "model": "admin.logentry"}, {"pk": 16, "fields": {"change_message": "Endret season.", "object_id": "1", "action_time": "2015-08-07T17:54:40.193", "action_flag": 2, "user": 1, "object_repr": "Dette er en test", "content_type": 19}, "model": "admin.logentry"}, {"pk": 17, "fields": {"change_message": "", "object_id": "1", "action_time": "2015-08-07T19:15:53.912", "action_flag": 1, "user": 1, "object_repr": "/skraatcast/ -- Skr\u00e5ttcast", "content_type": 32}, "model": "admin.logentry"}, {"pk": 18, "fields": {"change_message": "Endret url.", "object_id": "1", "action_time": "2015-08-07T19:18:41.959", "action_flag": 2, "user": 1, "object_repr": "/skraattcast/ -- Skr\u00e5ttcast", "content_type": 32}, "model": "admin.logentry"}, {"pk": 19, "fields": {"change_message": "Endret description.", "object_id": "9", "action_time": "2015-08-07T21:03:01.552", "action_flag": 2, "user": 1, "object_repr": "Nok en test5", "content_type": 19}, "model": "admin.logentry"}, {"pk": 20, "fields": {"change_message": "", "object_id": "2", "action_time": "2015-08-08T13:36:44.582", "action_flag": 1, "user": 1, "object_repr": "2", "content_type": 54}, "model": "admin.logentry"}, {"pk": 21, "fields": {"change_message": "Endret season.", "object_id": "3", "action_time": "2015-08-08T13:36:58.208", "action_flag": 2, "user": 1, "object_repr": "Nok en test", "content_type": 19}, "model": "admin.logentry"}, {"pk": 22, "fields": {"change_message": "", "object_id": "1", "action_time": "2015-08-08T17:17:13.621", "action_flag": 1, "user": 1, "object_repr": "Hva holder du p\u00e5 med?", "content_type": 17}, "model": "admin.logentry"}, {"pk": 23, "fields": {"change_message": "Ingen felt endret.", "object_id": "3", "action_time": "2015-08-08T17:22:51.674", "action_flag": 2, "user": 1, "object_repr": "Nok en test", "content_type": 19}, "model": "admin.logentry"}, {"pk": 24, "fields": {"change_message": "Endret image.", "object_id": "3", "action_time": "2015-08-08T17:28:51.925", "action_flag": 2, "user": 1, "object_repr": "Nok en test", "content_type": 19}, "model": "admin.logentry"}, {"pk": 25, "fields": {"change_message": "Endret cropping.", "object_id": "3", "action_time": "2015-08-08T17:32:08.016", "action_flag": 2, "user": 1, "object_repr": "Nok en test", "content_type": 19}, "model": "admin.logentry"}, {"pk": 26, "fields": {"change_message": "Endret image.", "object_id": "9", "action_time": "2015-08-08T17:32:49.872", "action_flag": 2, "user": 1, "object_repr": "Nok en test5", "content_type": 19}, "model": "admin.logentry"}, {"pk": 27, "fields": {"change_message": "Endret image.", "object_id": "8", "action_time": "2015-08-08T17:33:01.882", "action_flag": 2, "user": 1, "object_repr": "Nok en test2", "content_type": 19}, "model": "admin.logentry"}, {"pk": 28, "fields": {"change_message": "Ingen felt endret.", "object_id": "8", "action_time": "2015-08-08T17:33:05.462", "action_flag": 2, "user": 1, "object_repr": "Nok en test2", "content_type": 19}, "model": "admin.logentry"}, {"pk": 29, "fields": {"change_message": "Endret image og season.", "object_id": "7", "action_time": "2015-08-08T17:33:22.549", "action_flag": 2, "user": 1, "object_repr": "Nok en test", "content_type": 19}, "model": "admin.logentry"}, {"pk": 30, "fields": {"change_message": "Endret season og description.", "object_id": "6", "action_time": "2015-08-08T17:33:46.433", "action_flag": 2, "user": 1, "object_repr": "Nok en test", "content_type": 19}, "model": "admin.logentry"}, {"pk": 31, "fields": {"change_message": "Endret banner.", "object_id": "2", "action_time": "2015-08-10T11:52:48.333", "action_flag": 2, "user": 1, "object_repr": "2", "content_type": 54}, "model": "admin.logentry"}, {"pk": 32, "fields": {"change_message": "Endret image.", "object_id": "6", "action_time": "2015-08-10T11:57:56.146", "action_flag": 2, "user": 1, "object_repr": "Nok en test", "content_type": 19}, "model": "admin.logentry"}, {"pk": 33, "fields": {"change_message": "Endret title og extra_markdown.", "object_id": "7", "action_time": "2015-08-10T12:24:33.679", "action_flag": 2, "user": 1, "object_repr": "Med markdown", "content_type": 19}, "model": "admin.logentry"}, {"pk": 34, "fields": {"change_message": "", "object_id": "1", "action_time": "2015-08-10T12:47:09.766", "action_flag": 1, "user": 1, "object_repr": "Ny komit\u00e9", "content_type": 3}, "model": "admin.logentry"}, {"pk": 35, "fields": {"change_message": "", "object_id": "1", "action_time": "2015-08-10T12:47:32.728", "action_flag": 1, "user": 1, "object_repr": "Ny komit\u00e9", "content_type": 13}, "model": "admin.logentry"}, {"pk": 36, "fields": {"change_message": "", "object_id": "2", "action_time": "2015-08-11T17:46:29.093", "action_flag": 1, "user": 1, "object_repr": "Ny nyhet", "content_type": 55}, "model": "admin.logentry"}, {"pk": 37, "fields": {"change_message": "", "object_id": "3", "action_time": "2015-08-11T17:47:22.556", "action_flag": 1, "user": 1, "object_repr": "M\u00f8te", "content_type": 16}, "model": "admin.logentry"}, {"pk": 38, "fields": {"change_message": "", "object_id": "4", "action_time": "2015-08-12T01:18:54.824", "action_flag": 1, "user": 1, "object_repr": "Skr\u00e5ttcast-event", "content_type": 57}, "model": "admin.logentry"}, {"pk": 39, "fields": {"change_message": "", "object_id": "10", "action_time": "2015-08-13T20:34:15.766", "action_flag": 1, "user": 1, "object_repr": "Uten lydfil", "content_type": 19}, "model": "admin.logentry"}, {"pk": 40, "fields": {"change_message": "Endret cropping og extra_markdown.", "object_id": "10", "action_time": "2015-08-13T20:57:21.273", "action_flag": 2, "user": 1, "object_repr": "Uten lydfil", "content_type": 19}, "model": "admin.logentry"}, {"pk": 41, "fields": {"change_message": "Endret short_name, lead_paragraph, body, event_start, event_end, registration_start og places.", "object_id": "4", "action_time": "2015-08-20T11:19:37.943", "action_flag": 2, "user": 1, "object_repr": "Skr\u00e5ttcast-event", "content_type": 57}, "model": "admin.logentry"}, {"pk": 42, "fields": {"change_message": "Endret registration_required, registration_deadline, registration_start og places.", "object_id": "4", "action_time": "2015-08-20T11:20:33.475", "action_flag": 2, "user": 1, "object_repr": "Skr\u00e5ttcast-event", "content_type": 57}, "model": "admin.logentry"}, {"pk": 43, "fields": {"change_message": "Ingen felt endret.", "object_id": "4", "action_time": "2015-08-20T11:20:48.640", "action_flag": 2, "user": 1, "object_repr": "Skr\u00e5ttcast-event", "content_type": 57}, "model": "admin.logentry"}, {"pk": 44, "fields": {"change_message": "", "object_id": "5", "action_time": "2015-08-31T20:05:31.074", "action_flag": 1, "user": 1, "object_repr": "Test", "content_type": 15}, "model": "admin.logentry"}, {"pk": 45, "fields": {"change_message": "Endret cropping.", "object_id": "5", "action_time": "2015-08-31T20:05:39.846", "action_flag": 2, "user": 1, "object_repr": "Test", "content_type": 15}, "model": "admin.logentry"}, {"pk": 46, "fields": {"change_message": "", "object_id": "1", "action_time": "2015-09-01T16:52:11.996", "action_flag": 1, "user": 1, "object_repr": "Dette", "content_type": 10}, "model": "admin.logentry"}, {"pk": 47, "fields": {"change_message": "", "object_id": "6", "action_time": "2015-09-01T16:53:01.877", "action_flag": 1, "user": 1, "object_repr": "Bla blababa", "content_type": 12}, "model": "admin.logentry"}, {"pk": 48, "fields": {"change_message": "Endret registration_required.", "object_id": "6", "action_time": "2015-09-01T17:04:42.582", "action_flag": 2, "user": 1, "object_repr": "Bla blababa", "content_type": 12}, "model": "admin.logentry"}, {"pk": 49, "fields": {"change_message": "", "object_id": "2", "action_time": "2015-09-02T07:55:08.341", "action_flag": 1, "user": 1, "object_repr": "Hva skjer?", "content_type": 17}, "model": "admin.logentry"}, {"pk": 50, "fields": {"change_message": "", "object_id": "2", "action_time": "2015-09-02T07:55:57.486", "action_flag": 1, "user": 1, "object_repr": "/forsideinfo/ -- Forside Info", "content_type": 32}, "model": "admin.logentry"}, {"pk": 51, "fields": {"change_message": "Endret title.", "object_id": "2", "action_time": "2015-09-04T07:49:59.221", "action_flag": 2, "user": 1, "object_repr": "/forsideinfo/ -- Forsideinfo", "content_type": 32}, "model": "admin.logentry"}, {"pk": 52, "fields": {"change_message": "", "object_id": "1", "action_time": "2015-09-04T07:55:25.653", "action_flag": 1, "user": 1, "object_repr": "Ojadda", "content_type": 8}, "model": "admin.logentry"}, {"pk": 53, "fields": {"change_message": "", "object_id": "1", "action_time": "2015-09-04T07:56:23.784", "action_flag": 1, "user": 1, "object_repr": "1", "content_type": 7}, "model": "admin.logentry"}, {"pk": 54, "fields": {"change_message": "", "object_id": "7", "action_time": "2015-09-04T07:56:59.459", "action_flag": 1, "user": 1, "object_repr": "Bjbjbjb", "content_type": 11}, "model": "admin.logentry"}, {"pk": 55, "fields": {"change_message": "", "object_id": "3", "action_time": "2015-09-04T18:56:59.309", "action_flag": 1, "user": 1, "object_repr": "anders", "content_type": 2}, "model": "admin.logentry"}, {"pk": 56, "fields": {"change_message": "", "object_id": "1", "action_time": "2015-09-04T19:39:32.736", "action_flag": 1, "user": 1, "object_repr": "/media/abakus.png", "content_type": 52}, "model": "admin.logentry"}, {"pk": 57, "fields": {"change_message": "", "object_id": "1", "action_time": "2015-09-04T19:39:50.592", "action_flag": 1, "user": 1, "object_repr": "Dette er en test", "content_type": 53}, "model": "admin.logentry"}, {"pk": 58, "fields": {"change_message": "Ingen felt endret.", "object_id": "1", "action_time": "2015-09-04T19:41:31.756", "action_flag": 2, "user": 1, "object_repr": "Dette er en test", "content_type": 53}, "model": "admin.logentry"}, {"pk": 59, "fields": {"change_message": "", "object_id": "8", "action_time": "2015-09-14T20:08:01.368", "action_flag": 1, "user": 1, "object_repr": "Dette er et testarrangement", "content_type": 57}, "model": "admin.logentry"}, {"pk": 60, "fields": {"change_message": "Endret registration_start.", "object_id": "8", "action_time": "2015-09-14T20:09:14.501", "action_flag": 2, "user": 1, "object_repr": "Dette er et testarrangement", "content_type": 57}, "model": "admin.logentry"}, {"pk": 61, "fields": {"change_message": "", "object_id": "9", "action_time": "2015-09-17T19:14:53.348", "action_flag": 1, "user": 1, "object_repr": "Bedpres", "content_type": 12}, "model": "admin.logentry"}, {"pk": 62, "fields": {"change_message": "Endret cropping og bpcid.", "object_id": "9", "action_time": "2015-09-17T19:16:08.155", "action_flag": 2, "user": 1, "object_repr": "Bedpres", "content_type": 12}, "model": "admin.logentry"}, {"pk": 63, "fields": {"change_message": "Endret bpcid.", "object_id": "9", "action_time": "2015-09-17T19:17:57.523", "action_flag": 2, "user": 1, "object_repr": "Bedpres", "content_type": 12}, "model": "admin.logentry"}, {"pk": 64, "fields": {"change_message": "Endret bpcid.", "object_id": "9", "action_time": "2015-09-17T20:53:08.146", "action_flag": 2, "user": 1, "object_repr": "Bedpres", "content_type": 12}, "model": "admin.logentry"}, {"pk": 65, "fields": {"change_message": "", "object_id": "7", "action_time": "2015-09-19T12:26:36.689", "action_flag": 1, "user": 1, "object_repr": "oppdater", "content_type": 2}, "model": "admin.logentry"}, {"pk": 66, "fields": {"change_message": "", "object_id": "10", "action_time": "2015-09-26T11:14:30.422", "action_flag": 3, "user": 1, "object_repr": "Test", "content_type": 17}, "model": "admin.logentry"}, {"pk": 67, "fields": {"change_message": "", "object_id": "9", "action_time": "2015-09-26T11:14:30.628", "action_flag": 3, "user": 1, "object_repr": "Test", "content_type": 17}, "model": "admin.logentry"}, {"pk": 68, "fields": {"change_message": "", "object_id": "7", "action_time": "2015-09-26T11:14:30.935", "action_flag": 3, "user": 1, "object_repr": "Test", "content_type": 17}, "model": "admin.logentry"}, {"pk": 69, "fields": {"change_message": "", "object_id": "6", "action_time": "2015-09-26T11:14:31.068", "action_flag": 3, "user": 1, "object_repr": "Hva holder du p\u00e5 med?", "content_type": 17}, "model": "admin.logentry"}, {"pk": 70, "fields": {"change_message": "", "object_id": "5", "action_time": "2015-09-26T11:14:31.343", "action_flag": 3, "user": 1, "object_repr": "Hva skjer?", "content_type": 17}, "model": "admin.logentry"}, {"pk": 71, "fields": {"change_message": "", "object_id": "4", "action_time": "2015-09-26T11:14:31.468", "action_flag": 3, "user": 1, "object_repr": "Hva skjer?", "content_type": 17}, "model": "admin.logentry"}, {"pk": 72, "fields": {"change_message": "Opprettet valg \u00abMarian\u00bb.", "object_id": "8", "action_time": "2015-09-26T11:23:14.751", "action_flag": 2, "user": 1, "object_repr": "Hvem har best tits?", "content_type": 17}, "model": "admin.logentry"}, {"pk": 73, "fields": {"change_message": "Endret is_current.", "object_id": "8", "action_time": "2015-09-26T11:23:42.173", "action_flag": 2, "user": 1, "object_repr": "Hvem har best tits?", "content_type": 17}, "model": "admin.logentry"}, {"pk": 74, "fields": {"change_message": "Endret first_name, last_name, groups og birthday.", "object_id": "3", "action_time": "2015-09-26T13:40:54.445", "action_flag": 2, "user": 1, "object_repr": "anders", "content_type": 2}, "model": "admin.logentry"}, {"pk": 75, "fields": {"change_message": "Endret password.", "object_id": "3", "action_time": "2015-09-26T13:58:29.780", "action_flag": 2, "user": 1, "object_repr": "anders", "content_type": 2}, "model": "admin.logentry"}, {"pk": 76, "fields": {"change_message": "Endret event_start.", "object_id": "9", "action_time": "2015-09-27T18:52:07.866", "action_flag": 2, "user": 1, "object_repr": "Bedpres", "content_type": 12}, "model": "admin.logentry"}, {"pk": 77, "fields": {"change_message": "Endret lead_paragraph.", "object_id": "8", "action_time": "2015-10-03T10:37:26.342", "action_flag": 2, "user": 1, "object_repr": "Dette er et testarrangement", "content_type": 57}, "model": "admin.logentry"}, {"pk": 78, "fields": {"change_message": "", "object_id": "10", "action_time": "2015-10-05T12:35:40.454", "action_flag": 1, "user": 1, "object_repr": "Test", "content_type": 55}, "model": "admin.logentry"}, {"pk": 79, "fields": {"change_message": "", "object_id": "10", "action_time": "2015-10-05T12:44:27.532", "action_flag": 3, "user": 1, "object_repr": "Test", "content_type": 55}, "model": "admin.logentry"}, {"pk": 80, "fields": {"change_message": "", "object_id": "11", "action_time": "2015-10-05T12:46:13.350", "action_flag": 1, "user": 1, "object_repr": "Test", "content_type": 55}, "model": "admin.logentry"}, {"pk": 81, "fields": {"change_message": "", "object_id": "11", "action_time": "2015-10-05T12:46:21.257", "action_flag": 3, "user": 1, "object_repr": "Test", "content_type": 55}, "model": "admin.logentry"}, {"pk": 82, "fields": {"change_message": "", "object_id": "2", "action_time": "2015-10-05T12:47:16.732", "action_flag": 3, "user": 1, "object_repr": "Ny nyhet", "content_type": 55}, "model": "admin.logentry"}, {"pk": 83, "fields": {"change_message": "", "object_id": "1", "action_time": "2015-10-07T14:58:08.460", "action_flag": 1, "user": 1, "object_repr": "2015", "content_type": 65}, "model": "admin.logentry"}, {"pk": 84, "fields": {"change_message": "Opprettet Adventsluke \u00ab2\u00bb. Opprettet Adventsluke \u00ab3\u00bb.", "object_id": "1", "action_time": "2015-10-10T11:05:52.587", "action_flag": 2, "user": 1, "object_repr": "2015", "content_type": 65}, "model": "admin.logentry"}, {"pk": 85, "fields": {"change_message": "Opprettet Adventsluke \u00ab4\u00bb. Opprettet Adventsluke \u00ab5\u00bb. Opprettet Adventsluke \u00ab6\u00bb. Opprettet Adventsluke \u00ab7\u00bb. Opprettet Adventsluke \u00ab8\u00bb. Opprettet Adventsluke \u00ab9\u00bb. Opprettet Adventsluke \u00ab10\u00bb. Opprettet Adventsluke \u00ab11\u00bb. Opprettet Adventsluke \u00ab12\u00bb. Opprettet Adventsluke \u00ab13\u00bb. Opprettet Adventsluke \u00ab14\u00bb. Opprettet Adventsluke \u00ab15\u00bb. Opprettet Adventsluke \u00ab16\u00bb. Opprettet Adventsluke \u00ab17\u00bb. Opprettet Adventsluke \u00ab18\u00bb. Opprettet Adventsluke \u00ab19\u00bb. Opprettet Adventsluke \u00ab20\u00bb. Opprettet Adventsluke \u00ab21\u00bb. Opprettet Adventsluke \u00ab22\u00bb. Opprettet Adventsluke \u00ab23\u00bb. Opprettet Adventsluke \u00ab24\u00bb.", "object_id": "1", "action_time": "2015-10-10T11:07:19.798", "action_flag": 2, "user": 1, "object_repr": "2015", "content_type": 65}, "model": "admin.logentry"}, {"pk": 86, "fields": {"change_message": "", "object_id": "1", "action_time": "2015-10-16T12:39:40.463", "action_flag": 1, "user": 1, "object_repr": "Quiz object", "content_type": 67}, "model": "admin.logentry"}, {"pk": 87, "fields": {"change_message": "Ingen felt endret.", "object_id": "1", "action_time": "2015-10-16T12:40:43.305", "action_flag": 2, "user": 1, "object_repr": "Quiz object", "content_type": 67}, "model": "admin.logentry"}, {"pk": 88, "fields": {"change_message": "Endret question for quiz question \u00abHvem oppdaget Amerika?\u00bb.", "object_id": "1", "action_time": "2015-10-16T13:20:20.528", "action_flag": 2, "user": 1, "object_repr": "Min f\u00f8rste quiz", "content_type": 67}, "model": "admin.logentry"}, {"pk": 89, "fields": {"change_message": "Opprettet quiz question \u00abHvem er dette?\u00bb.", "object_id": "1", "action_time": "2015-10-16T16:23:15.087", "action_flag": 2, "user": 1, "object_repr": "Min f\u00f8rste quiz", "content_type": 67}, "model": "admin.logentry"}, {"pk": 90, "fields": {"change_message": "Ingen felt endret.", "object_id": "1", "action_time": "2015-10-16T16:55:05.170", "action_flag": 2, "user": 1, "object_repr": "Min f\u00f8rste quiz", "content_type": 67}, "model": "admin.logentry"}, {"pk": 91, "fields": {"change_message": "Ingen felt endret.", "object_id": "1", "action_time": "2015-10-16T17:07:22.730", "action_flag": 2, "user": 1, "object_repr": "Min f\u00f8rste quiz", "content_type": 67}, "model": "admin.logentry"}, {"pk": 92, "fields": {"change_message": "Ingen felt endret.", "object_id": "1", "action_time": "2015-10-16T17:07:28.615", "action_flag": 2, "user": 1, "object_repr": "Min f\u00f8rste quiz", "content_type": 67}, "model": "admin.logentry"}, {"pk": 93, "fields": {"change_message": "", "object_id": "1", "action_time": "2015-10-16T18:02:54.921", "action_flag": 1, "user": 1, "object_repr": "Min f\u00f8rste quiz", "content_type": 67}, "model": "admin.logentry"}, {"pk": 94, "fields": {"change_message": "", "object_id": "2", "action_time": "2015-10-17T21:32:17.365", "action_flag": 1, "user": 1, "object_repr": "M\u00e5nequiz", "content_type": 67}, "model": "admin.logentry"}, {"pk": 95, "fields": {"change_message": "Opprettet quiz question \u00abHva heter Jupiters st\u00f8rste m\u00e5ne?\u00bb. Opprettet quiz question \u00abHva heter Plutos st\u00f8rste m\u00e5ne?\u00bb. Opprettet quiz question \u00abHva heter Saturns ism\u00e5ne som kan ha liv?\u00bb. Opprettet quiz question \u00abDenne m\u00e5nen har flytende vann under isen, men har ikke noen aktiv kjerne og varmes ikke av sola hvordan er dette mulig?\u00bb.", "object_id": "2", "action_time": "2015-10-17T22:21:16.866", "action_flag": 2, "user": 1, "object_repr": "M\u00e5nequiz", "content_type": 67}, "model": "admin.logentry"}, {"pk": 96, "fields": {"change_message": "", "object_id": "3", "action_time": "2015-10-18T13:18:53.267", "action_flag": 1, "user": 1, "object_repr": "Test", "content_type": 67}, "model": "admin.logentry"}, {"pk": 97, "fields": {"change_message": "Endret mail_list.", "object_id": "1", "action_time": "2015-11-02T17:47:08.812", "action_flag": 2, "user": 1, "object_repr": "Ny komit\u00e9", "content_type": 3}, "model": "admin.logentry"}, {"pk": 98, "fields": {"change_message": "Endret publication_date.", "object_id": "8", "action_time": "2015-11-02T18:10:45.973", "action_flag": 2, "user": 1, "object_repr": "Dette er et testarrangement", "content_type": 57}, "model": "admin.logentry"}, {"pk": 99, "fields": {"change_message": "", "object_id": "10", "action_time": "2015-11-02T18:12:01.596", "action_flag": 1, "user": 1, "object_repr": "Nyhet for alle sammen", "content_type": 55}, "model": "admin.logentry"}, {"pk": 100, "fields": {"change_message": "Endret headline.", "object_id": "10", "action_time": "2015-11-02T20:27:44.057", "action_flag": 2, "user": 1, "object_repr": "Nyhet for alle sammen jajamensan", "content_type": 55}, "model": "admin.logentry"}, {"pk": 101, "fields": {"change_message": "Endret publication_date.", "object_id": "10", "action_time": "2015-11-02T20:38:55.604", "action_flag": 2, "user": 1, "object_repr": "Uten lydfil", "content_type": 19}, "model": "admin.logentry"}, {"pk": 102, "fields": {"change_message": "Endret lead_paragraph.", "object_id": "10", "action_time": "2015-11-02T22:12:22.427", "action_flag": 2, "user": 1, "object_repr": "Nyhet for alle sammen jajamensan", "content_type": 55}, "model": "admin.logentry"}, {"pk": 103, "fields": {"change_message": "", "object_id": "1", "action_time": "2015-11-02T22:16:13.568", "action_flag": 1, "user": 1, "object_repr": "/media/Anders_6DO026X.png", "content_type": 71}, "model": "admin.logentry"}, {"pk": 104, "fields": {"change_message": "Endret body.", "object_id": "10", "action_time": "2015-11-02T22:19:00.520", "action_flag": 2, "user": 1, "object_repr": "Nyhet for alle sammen jajamensan", "content_type": 55}, "model": "admin.logentry"}, {"pk": 105, "fields": {"change_message": "Endret body.", "object_id": "10", "action_time": "2015-11-02T22:27:59.598", "action_flag": 2, "user": 1, "object_repr": "Nyhet for alle sammen jajamensan", "content_type": 55}, "model": "admin.logentry"}, {"pk": 106, "fields": {"change_message": "", "object_id": "1", "action_time": "2015-11-02T22:32:17.203", "action_flag": 1, "user": 1, "object_repr": "Testblogg", "content_type": 62}, "model": "admin.logentry"}, {"pk": 107, "fields": {"change_message": "", "object_id": "2", "action_time": "2015-11-02T22:47:00.205", "action_flag": 1, "user": 1, "object_repr": "(2) /media/Webkom.JPG", "content_type": 71}, "model": "admin.logentry"}, {"pk": 108, "fields": {"change_message": "", "object_id": "1", "action_time": "2015-11-02T22:49:31.256", "action_flag": 1, "user": 1, "object_repr": "Dette er en test", "content_type": 63}, "model": "admin.logentry"}, {"pk": 109, "fields": {"change_message": "Endret published.", "object_id": "10", "action_time": "2015-11-02T23:07:15.909", "action_flag": 2, "user": 1, "object_repr": "Nyhet for alle sammen jajamensan", "content_type": 55}, "model": "admin.logentry"}, {"pk": 110, "fields": {"change_message": "Ingen felt endret.", "object_id": "10", "action_time": "2015-11-02T23:07:57.472", "action_flag": 2, "user": 1, "object_repr": "Nyhet for alle sammen jajamensan", "content_type": 55}, "model": "admin.logentry"}, {"pk": 111, "fields": {"change_message": "Ingen felt endret.", "object_id": "10", "action_time": "2015-11-02T23:08:05.247", "action_flag": 2, "user": 1, "object_repr": "Nyhet for alle sammen jajamensan", "content_type": 55}, "model": "admin.logentry"}, {"pk": 112, "fields": {"change_message": "Ingen felt endret.", "object_id": "10", "action_time": "2015-11-02T23:11:53.642", "action_flag": 2, "user": 1, "object_repr": "Nyhet for alle sammen jajamensan", "content_type": 55}, "model": "admin.logentry"}, {"pk": 113, "fields": {"change_message": "Endret publication_date.", "object_id": "10", "action_time": "2015-11-02T23:14:08.015", "action_flag": 2, "user": 1, "object_repr": "Nyhet for alle sammen jajamensan", "content_type": 55}, "model": "admin.logentry"}, {"pk": 114, "fields": {"change_message": "Ingen felt endret.", "object_id": "10", "action_time": "2015-11-02T23:15:13.581", "action_flag": 2, "user": 1, "object_repr": "Nyhet for alle sammen jajamensan", "content_type": 55}, "model": "admin.logentry"}, {"pk": 115, "fields": {"change_message": "Endret edit_listeners.", "object_id": "10", "action_time": "2015-11-02T23:16:54.401", "action_flag": 2, "user": 1, "object_repr": "Nyhet for alle sammen jajamensan", "content_type": 55}, "model": "admin.logentry"}, {"pk": 116, "fields": {"change_message": "Endret publication_date.", "object_id": "10", "action_time": "2015-11-02T23:17:01.347", "action_flag": 2, "user": 1, "object_repr": "Nyhet for alle sammen jajamensan", "content_type": 55}, "model": "admin.logentry"}, {"pk": 117, "fields": {"change_message": "Endret published.", "object_id": "10", "action_time": "2015-11-02T23:17:08.203", "action_flag": 2, "user": 1, "object_repr": "Nyhet for alle sammen jajamensan", "content_type": 55}, "model": "admin.logentry"}, {"pk": 118, "fields": {"change_message": "Endret publication_date.", "object_id": "10", "action_time": "2015-11-02T23:17:26.373", "action_flag": 2, "user": 1, "object_repr": "Nyhet for alle sammen jajamensan", "content_type": 55}, "model": "admin.logentry"}, {"pk": 119, "fields": {"change_message": "Endret published.", "object_id": "10", "action_time": "2015-11-02T23:18:41.223", "action_flag": 2, "user": 1, "object_repr": "Nyhet for alle sammen jajamensan", "content_type": 55}, "model": "admin.logentry"}, {"pk": 120, "fields": {"change_message": "Endret publication_date og published.", "object_id": "10", "action_time": "2015-11-02T23:27:20.189", "action_flag": 2, "user": 1, "object_repr": "Uten lydfil", "content_type": 19}, "model": "admin.logentry"}, {"pk": 121, "fields": {"change_message": "Endret published.", "object_id": "10", "action_time": "2015-11-02T23:50:03.800", "action_flag": 2, "user": 1, "object_repr": "Uten lydfil", "content_type": 19}, "model": "admin.logentry"}, {"pk": 122, "fields": {"change_message": "Endret published og cropping.", "object_id": "9", "action_time": "2015-11-02T23:50:16.441", "action_flag": 2, "user": 1, "object_repr": "Nok en test5", "content_type": 19}, "model": "admin.logentry"}, {"pk": 123, "fields": {"change_message": "Endret publication_date.", "object_id": "10", "action_time": "2015-11-02T23:54:12.126", "action_flag": 2, "user": 1, "object_repr": "Uten lydfil", "content_type": 19}, "model": "admin.logentry"}, {"pk": 124, "fields": {"change_message": "Endret publication_date.", "object_id": "10", "action_time": "2015-11-02T23:54:43.648", "action_flag": 2, "user": 1, "object_repr": "Uten lydfil", "content_type": 19}, "model": "admin.logentry"}, {"pk": 125, "fields": {"change_message": "Endret publication_date.", "object_id": "10", "action_time": "2015-11-02T23:55:32.557", "action_flag": 2, "user": 1, "object_repr": "Uten lydfil", "content_type": 19}, "model": "admin.logentry"}, {"pk": 126, "fields": {"change_message": "Ingen felt endret.", "object_id": "10", "action_time": "2015-11-02T23:57:12.010", "action_flag": 2, "user": 1, "object_repr": "Uten lydfil", "content_type": 19}, "model": "admin.logentry"}, {"pk": 127, "fields": {"change_message": "Endret publication_date og published.", "object_id": "3", "action_time": "2015-11-02T23:59:47.293", "action_flag": 2, "user": 1, "object_repr": "Nok en test", "content_type": 19}, "model": "admin.logentry"}, {"pk": 128, "fields": {"change_message": "Ingen felt endret.", "object_id": "3", "action_time": "2015-11-02T23:59:47.975", "action_flag": 2, "user": 1, "object_repr": "Nok en test", "content_type": 19}, "model": "admin.logentry"}, {"pk": 129, "fields": {"change_message": "Endret content.", "object_id": "2", "action_time": "2015-11-03T23:48:42.321", "action_flag": 2, "user": 1, "object_repr": "/forsideinfo/ -- Forsideinfo", "content_type": 32}, "model": "admin.logentry"}, {"pk": 130, "fields": {"change_message": "Endret content.", "object_id": "2", "action_time": "2015-11-04T00:39:28.613", "action_flag": 2, "user": 1, "object_repr": "/forsideinfo/ -- Forsideinfo", "content_type": 32}, "model": "admin.logentry"}, {"pk": 131, "fields": {"change_message": "Endret content.", "object_id": "2", "action_time": "2015-11-04T00:51:52.577", "action_flag": 2, "user": 1, "object_repr": "/forsideinfo/ -- Forsideinfo", "content_type": 32}, "model": "admin.logentry"}, {"pk": 132, "fields": {"change_message": "Endret content.", "object_id": "2", "action_time": "2015-11-04T00:52:16.488", "action_flag": 2, "user": 1, "object_repr": "/forsideinfo/ -- Forsideinfo", "content_type": 32}, "model": "admin.logentry"}, {"pk": 133, "fields": {"change_message": "Ingen felt endret.", "object_id": "2", "action_time": "2015-11-04T00:57:42.349", "action_flag": 2, "user": 1, "object_repr": "/forsideinfo/ -- Forsideinfo", "content_type": 32}, "model": "admin.logentry"}, {"pk": 134, "fields": {"change_message": "Endret is_timed og duration.", "object_id": "2", "action_time": "2015-11-04T01:00:08.027", "action_flag": 2, "user": 1, "object_repr": "M\u00e5nequiz", "content_type": 67}, "model": "admin.logentry"}, {"pk": 135, "fields": {"change_message": "Endret correct_alternative for quiz question \u00abHva heter Jupiters st\u00f8rste m\u00e5ne?\u00bb.", "object_id": "2", "action_time": "2015-11-04T01:08:39.024", "action_flag": 2, "user": 1, "object_repr": "M\u00e5nequiz", "content_type": 67}, "model": "admin.logentry"}, {"pk": 136, "fields": {"change_message": "Ingen felt endret.", "object_id": "2", "action_time": "2015-11-04T01:39:55.039", "action_flag": 2, "user": 1, "object_repr": "M\u00e5nequiz", "content_type": 67}, "model": "admin.logentry"}, {"pk": 137, "fields": {"change_message": "Endret duration.", "object_id": "2", "action_time": "2015-11-04T01:50:10.644", "action_flag": 2, "user": 1, "object_repr": "M\u00e5nequiz", "content_type": 67}, "model": "admin.logentry"}, {"pk": 138, "fields": {"change_message": "Endret domain og name.", "object_id": "1", "action_time": "2015-11-04T02:12:45.127", "action_flag": 2, "user": 1, "object_repr": "127.0.0.1:1337", "content_type": 30}, "model": "admin.logentry"}, {"pk": 139, "fields": {"change_message": "Endret content for Adventsluke \u00ab7\u00bb.", "object_id": "1", "action_time": "2015-11-08T12:38:35.441", "action_flag": 2, "user": 1, "object_repr": "2015", "content_type": 65}, "model": "admin.logentry"}, {"pk": 140, "fields": {"change_message": "Endret short_description for Adventsluke \u00ab1\u00bb.", "object_id": "1", "action_time": "2015-11-08T15:01:23.265", "action_flag": 2, "user": 1, "object_repr": "2015", "content_type": 65}, "model": "admin.logentry"}, {"pk": 141, "fields": {"change_message": "Endret is_lottery for Adventsluke \u00ab1\u00bb. Endret is_lottery for Adventsluke \u00ab2\u00bb. Endret is_lottery for Adventsluke \u00ab3\u00bb. Endret is_lottery for Adventsluke \u00ab4\u00bb.", "object_id": "1", "action_time": "2015-11-08T16:07:43.868", "action_flag": 2, "user": 1, "object_repr": "2015", "content_type": 65}, "model": "admin.logentry"}, {"pk": 142, "fields": {"change_message": "Endret content for Adventsluke \u00ab1\u00bb.", "object_id": "1", "action_time": "2015-11-08T16:31:59.421", "action_flag": 2, "user": 1, "object_repr": "2015", "content_type": 65}, "model": "admin.logentry"}, {"pk": 143, "fields": {"change_message": "Ingen felt endret.", "object_id": "1", "action_time": "2015-11-10T21:24:21.716", "action_flag": 2, "user": 1, "object_repr": "2015", "content_type": 65}, "model": "admin.logentry"}, {"pk": 144, "fields": {"change_message": "Endret content for Adventsluke \u00ab1\u00bb. Endret content for Adventsluke \u00ab2\u00bb. Endret content for Adventsluke \u00ab3\u00bb. Endret content for Adventsluke \u00ab4\u00bb. Endret content for Adventsluke \u00ab5\u00bb. Endret content for Adventsluke \u00ab6\u00bb. Endret content for Adventsluke \u00ab8\u00bb. Endret content for Adventsluke \u00ab9\u00bb. Endret content for Adventsluke \u00ab10\u00bb. Endret content for Adventsluke \u00ab11\u00bb. Endret content for Adventsluke \u00ab12\u00bb. Endret content for Adventsluke \u00ab13\u00bb. Endret content for Adventsluke \u00ab14\u00bb. Endret content for Adventsluke \u00ab15\u00bb. Endret content for Adventsluke \u00ab16\u00bb. Endret content for Adventsluke \u00ab17\u00bb. Endret content for Adventsluke \u00ab18\u00bb. Endret content for Adventsluke \u00ab19\u00bb. Endret content for Adventsluke \u00ab20\u00bb. Endret content for Adventsluke \u00ab21\u00bb. Endret content for Adventsluke \u00ab22\u00bb. Endret content for Adventsluke \u00ab23\u00bb. Endret content for Adventsluke \u00ab24\u00bb.", "object_id": "1", "action_time": "2015-11-10T21:28:01.840", "action_flag": 2, "user": 1, "object_repr": "2015", "content_type": 65}, "model": "admin.logentry"}, {"pk": 145, "fields": {"change_message": "Endret content for Adventsluke \u00ab1\u00bb.", "object_id": "1", "action_time": "2015-11-23T12:22:53.564", "action_flag": 2, "user": 1, "object_repr": "2015", "content_type": 65}, "model": "admin.logentry"}, {"pk": 146, "fields": {"change_message": "Endret content for Adventsluke \u00ab1\u00bb.", "object_id": "1", "action_time": "2015-11-23T12:23:56.940", "action_flag": 2, "user": 1, "object_repr": "2015", "content_type": 65}, "model": "admin.logentry"}, {"pk": 147, "fields": {"change_message": "Endret content for Adventsluke \u00ab1\u00bb.", "object_id": "1", "action_time": "2015-11-23T12:25:10.843", "action_flag": 2, "user": 1, "object_repr": "2015", "content_type": 65}, "model": "admin.logentry"}, {"pk": 148, "fields": {"change_message": "Ingen felt endret.", "object_id": "1", "action_time": "2015-11-23T12:30:53.836", "action_flag": 2, "user": 1, "object_repr": "2015", "content_type": 65}, "model": "admin.logentry"}, {"pk": 149, "fields": {"change_message": "Endret content for Adventsluke \u00ab1\u00bb.", "object_id": "1", "action_time": "2015-11-23T12:31:17.188", "action_flag": 2, "user": 1, "object_repr": "2015", "content_type": 65}, "model": "admin.logentry"}, {"pk": 150, "fields": {"change_message": "Endret content for Adventsluke \u00ab1\u00bb.", "object_id": "1", "action_time": "2015-11-23T13:16:48.431", "action_flag": 2, "user": 1, "object_repr": "2015", "content_type": 65}, "model": "admin.logentry"}, {"pk": 151, "fields": {"change_message": "Endret content for Adventsluke \u00ab1\u00bb.", "object_id": "1", "action_time": "2015-11-23T13:19:06.006", "action_flag": 2, "user": 1, "object_repr": "2015", "content_type": 65}, "model": "admin.logentry"}, {"pk": 152, "fields": {"change_message": "Endret content for Adventsluke \u00ab1\u00bb.", "object_id": "1", "action_time": "2015-11-23T14:09:21.537", "action_flag": 2, "user": 1, "object_repr": "2015", "content_type": 65}, "model": "admin.logentry"}, {"pk": 153, "fields": {"change_message": "Ingen felt endret.", "object_id": "1", "action_time": "2015-11-23T16:47:58.379", "action_flag": 2, "user": 1, "object_repr": "2015", "content_type": 65}, "model": "admin.logentry"}, {"pk": 154, "fields": {"change_message": "Endret image for Adventsluke \u00ab1\u00bb.", "object_id": "1", "action_time": "2015-11-23T17:20:37.725", "action_flag": 2, "user": 1, "object_repr": "2015", "content_type": 65}, "model": "admin.logentry"}, {"pk": 155, "fields": {"change_message": "Endret image for Adventsluke \u00ab2\u00bb.", "object_id": "1", "action_time": "2015-11-23T17:23:24.934", "action_flag": 2, "user": 1, "object_repr": "2015", "content_type": 65}, "model": "admin.logentry"}, {"pk": 156, "fields": {"change_message": "Endret content for Adventsluke \u00ab1\u00bb.", "object_id": "1", "action_time": "2015-11-23T22:12:24.955", "action_flag": 2, "user": 1, "object_repr": "2015", "content_type": 65}, "model": "admin.logentry"}, {"pk": 157, "fields": {"change_message": "Endret content for Adventsluke \u00ab1\u00bb.", "object_id": "1", "action_time": "2015-11-23T22:17:09.810", "action_flag": 2, "user": 1, "object_repr": "2015", "content_type": 65}, "model": "admin.logentry"}, {"pk": 158, "fields": {"change_message": "Endret content for Adventsluke \u00ab1\u00bb.", "object_id": "1", "action_time": "2015-11-23T22:18:18.561", "action_flag": 2, "user": 1, "object_repr": "2015", "content_type": 65}, "model": "admin.logentry"}, {"pk": 159, "fields": {"change_message": "Endret content for Adventsluke \u00ab1\u00bb.", "object_id": "1", "action_time": "2015-11-23T22:18:50.178", "action_flag": 2, "user": 1, "object_repr": "2015", "content_type": 65}, "model": "admin.logentry"}, {"pk": 160, "fields": {"change_message": "Ingen felt endret.", "object_id": "1", "action_time": "2015-11-23T22:59:11.848", "action_flag": 2, "user": 1, "object_repr": "2015", "content_type": 65}, "model": "admin.logentry"}, {"pk": 161, "fields": {"change_message": "Endret is_text_response for Adventsluke \u00ab2\u00bb. Endret is_text_response for Adventsluke \u00ab3\u00bb.", "object_id": "1", "action_time": "2015-11-23T22:59:23.502", "action_flag": 2, "user": 1, "object_repr": "2015", "content_type": 65}, "model": "admin.logentry"}, {"pk": 162, "fields": {"change_message": "Ingen felt endret.", "object_id": "1", "action_time": "2015-11-23T23:14:34.671", "action_flag": 2, "user": 1, "object_repr": "2015", "content_type": 65}, "model": "admin.logentry"}, {"pk": 163, "fields": {"change_message": "Endret is_text_response for Adventsluke \u00ab1\u00bb. Endret is_text_response for Adventsluke \u00ab4\u00bb.", "object_id": "1", "action_time": "2015-11-23T23:29:51.189", "action_flag": 2, "user": 1, "object_repr": "2015", "content_type": 65}, "model": "admin.logentry"}, {"pk": 164, "fields": {"change_message": "Endret content for Adventsluke \u00ab2\u00bb.", "object_id": "1", "action_time": "2015-11-23T23:51:24.882", "action_flag": 2, "user": 1, "object_repr": "2015", "content_type": 65}, "model": "admin.logentry"}, {"pk": 165, "fields": {"change_message": "Endret is_text_response for Adventsluke \u00ab4\u00bb.", "object_id": "1", "action_time": "2015-11-24T00:08:51.749", "action_flag": 2, "user": 1, "object_repr": "2015", "content_type": 65}, "model": "admin.logentry"}, {"pk": 166, "fields": {"change_message": "Ingen felt endret.", "object_id": "1", "action_time": "2015-11-24T00:10:42.404", "action_flag": 2, "user": 1, "object_repr": "2015", "content_type": 65}, "model": "admin.logentry"}, {"pk": 167, "fields": {"change_message": "Ingen felt endret.", "object_id": "1", "action_time": "2015-11-24T00:12:56.011", "action_flag": 2, "user": 1, "object_repr": "2015", "content_type": 65}, "model": "admin.logentry"}, {"pk": 168, "fields": {"change_message": "Endret is_lottery og is_text_response for Adventsluke \u00ab7\u00bb.", "object_id": "1", "action_time": "2015-11-24T00:13:25.673", "action_flag": 2, "user": 1, "object_repr": "2015", "content_type": 65}, "model": "admin.logentry"}, {"pk": 169, "fields": {"change_message": "Endret is_text_response for Adventsluke \u00ab7\u00bb.", "object_id": "1", "action_time": "2015-11-24T00:14:48.761", "action_flag": 2, "user": 1, "object_repr": "2015", "content_type": 65}, "model": "admin.logentry"}, {"pk": 170, "fields": {"change_message": "Opprettet quiz question \u00abDette er en test\u00bb. Opprettet quiz question \u00abDette er ogs\u00e5 en test\u00bb.", "object_id": "5", "action_time": "2015-11-24T18:07:19.355", "action_flag": 2, "user": 1, "object_repr": "Test", "content_type": 67}, "model": "admin.logentry"}, {"pk": 171, "fields": {"change_message": "Ingen felt endret.", "object_id": "5", "action_time": "2015-11-24T18:09:28.783", "action_flag": 2, "user": 1, "object_repr": "Test", "content_type": 67}, "model": "admin.logentry"}, {"pk": 172, "fields": {"change_message": "Ingen felt endret.", "object_id": "1", "action_time": "2015-11-24T18:09:44.426", "action_flag": 2, "user": 1, "object_repr": "Min f\u00f8rste quiz", "content_type": 67}, "model": "admin.logentry"}, {"pk": 173, "fields": {"change_message": "Ingen felt endret.", "object_id": "2", "action_time": "2015-11-24T18:09:49.588", "action_flag": 2, "user": 1, "object_repr": "M\u00e5nequiz", "content_type": 67}, "model": "admin.logentry"}, {"pk": 174, "fields": {"change_message": "Endret template.", "object_id": "2", "action_time": "2015-11-24T18:13:07.315", "action_flag": 2, "user": 1, "object_repr": "M\u00e5nequiz", "content_type": 67}, "model": "admin.logentry"}, {"pk": 175, "fields": {"change_message": "Endret template.", "object_id": "5", "action_time": "2015-11-24T18:20:35.944", "action_flag": 2, "user": 1, "object_repr": "Test", "content_type": 67}, "model": "admin.logentry"}, {"pk": 176, "fields": {"change_message": "Endret template.", "object_id": "4", "action_time": "2015-11-24T18:20:43.133", "action_flag": 2, "user": 1, "object_repr": "Test", "content_type": 67}, "model": "admin.logentry"}, {"pk": 177, "fields": {"change_message": "Endret template.", "object_id": "3", "action_time": "2015-11-24T18:20:50.213", "action_flag": 2, "user": 1, "object_repr": "Test", "content_type": 67}, "model": "admin.logentry"}, {"pk": 178, "fields": {"change_message": "Endret template.", "object_id": "2", "action_time": "2015-11-24T18:21:01.411", "action_flag": 2, "user": 1, "object_repr": "M\u00e5nequiz", "content_type": 67}, "model": "admin.logentry"}, {"pk": 179, "fields": {"change_message": "Endret template.", "object_id": "1", "action_time": "2015-11-24T18:21:11.832", "action_flag": 2, "user": 1, "object_repr": "Min f\u00f8rste quiz", "content_type": 67}, "model": "admin.logentry"}, {"pk": 180, "fields": {"change_message": "Endret template.", "object_id": "2", "action_time": "2015-11-24T18:25:40.733", "action_flag": 2, "user": 1, "object_repr": "M\u00e5nequiz", "content_type": 67}, "model": "admin.logentry"}, {"pk": 181, "fields": {"change_message": "Endret duration.", "object_id": "2", "action_time": "2015-11-24T19:00:03.359", "action_flag": 2, "user": 1, "object_repr": "M\u00e5nequiz", "content_type": 67}, "model": "admin.logentry"}, {"pk": 182, "fields": {"change_message": "Endret quiz for Adventsluke \u00ab4\u00bb.", "object_id": "1", "action_time": "2015-11-24T20:30:19.716", "action_flag": 2, "user": 1, "object_repr": "2015", "content_type": 65}, "model": "admin.logentry"}, {"pk": 183, "fields": {"change_message": "", "object_id": "1", "action_time": "2015-11-26T00:31:50.953", "action_flag": 1, "user": 1, "object_repr": "SplashConfig object", "content_type": 74}, "model": "admin.logentry"}, {"pk": 184, "fields": {"change_message": "", "object_id": "3", "action_time": "2015-11-26T13:23:44.459", "action_flag": 1, "user": 1, "object_repr": "SplashConfig object", "content_type": 74}, "model": "admin.logentry"}, {"pk": 185, "fields": {"change_message": "", "object_id": "1", "action_time": "2015-11-26T13:27:55.507", "action_flag": 3, "user": 1, "object_repr": "SplashConfig object", "content_type": 74}, "model": "admin.logentry"}, {"pk": 186, "fields": {"change_message": "", "object_id": "2", "action_time": "2015-11-26T13:28:05.199", "action_flag": 3, "user": 1, "object_repr": "SplashConfig object", "content_type": 74}, "model": "admin.logentry"}, {"pk": 187, "fields": {"change_message": "", "object_id": "4", "action_time": "2015-11-26T13:29:30.840", "action_flag": 1, "user": 1, "object_repr": "SplashConfig object", "content_type": 74}, "model": "admin.logentry"}, {"pk": 188, "fields": {"change_message": "", "object_id": "5", "action_time": "2015-11-26T13:31:02.269", "action_flag": 1, "user": 1, "object_repr": "SplashConfig object", "content_type": 74}, "model": "admin.logentry"}, {"pk": 189, "fields": {"change_message": "", "object_id": "6", "action_time": "2015-11-26T13:32:04.535", "action_flag": 1, "user": 1, "object_repr": "SplashConfig object", "content_type": 74}, "model": "admin.logentry"}, {"pk": 190, "fields": {"change_message": "", "object_id": "7", "action_time": "2015-11-26T13:32:34.577", "action_flag": 1, "user": 1, "object_repr": "SplashConfig object", "content_type": 74}, "model": "admin.logentry"}, {"pk": 191, "fields": {"change_message": "", "object_id": "8", "action_time": "2015-11-26T13:37:24.788", "action_flag": 1, "user": 1, "object_repr": "SplashConfig object", "content_type": 74}, "model": "admin.logentry"}, {"pk": 192, "fields": {"change_message": "", "object_id": "9", "action_time": "2015-11-26T13:42:45.979", "action_flag": 1, "user": 1, "object_repr": "SplashConfig object", "content_type": 74}, "model": "admin.logentry"}, {"pk": 193, "fields": {"change_message": "", "object_id": "10", "action_time": "2015-11-26T13:45:03.857", "action_flag": 1, "user": 1, "object_repr": "SplashConfig object", "content_type": 74}, "model": "admin.logentry"}, {"pk": 194, "fields": {"change_message": "", "object_id": "9", "action_time": "2015-11-26T14:03:31.023", "action_flag": 3, "user": 1, "object_repr": "SplashConfig object", "content_type": 74}, "model": "admin.logentry"}, {"pk": 195, "fields": {"change_message": "", "object_id": "8", "action_time": "2015-11-26T14:03:31.157", "action_flag": 3, "user": 1, "object_repr": "SplashConfig object", "content_type": 74}, "model": "admin.logentry"}, {"pk": 196, "fields": {"change_message": "", "object_id": "7", "action_time": "2015-11-26T14:03:31.279", "action_flag": 3, "user": 1, "object_repr": "SplashConfig object", "content_type": 74}, "model": "admin.logentry"}, {"pk": 197, "fields": {"change_message": "", "object_id": "6", "action_time": "2015-11-26T14:03:31.423", "action_flag": 3, "user": 1, "object_repr": "SplashConfig object", "content_type": 74}, "model": "admin.logentry"}, {"pk": 198, "fields": {"change_message": "", "object_id": "5", "action_time": "2015-11-26T14:03:31.534", "action_flag": 3, "user": 1, "object_repr": "SplashConfig object", "content_type": 74}, "model": "admin.logentry"}, {"pk": 199, "fields": {"change_message": "", "object_id": "4", "action_time": "2015-11-26T14:03:31.645", "action_flag": 3, "user": 1, "object_repr": "SplashConfig object", "content_type": 74}, "model": "admin.logentry"}, {"pk": 200, "fields": {"change_message": "", "object_id": "3", "action_time": "2015-11-26T14:03:31.800", "action_flag": 3, "user": 1, "object_repr": "SplashConfig object", "content_type": 74}, "model": "admin.logentry"}, {"pk": 201, "fields": {"change_message": "", "object_id": "10", "action_time": "2015-11-26T14:05:14.057", "action_flag": 3, "user": 1, "object_repr": "SplashConfig object", "content_type": 74}, "model": "admin.logentry"}, {"pk": 202, "fields": {"change_message": "Endret body.", "object_id": "10", "action_time": "2015-11-28T22:15:23.055", "action_flag": 2, "user": 1, "object_repr": "Nyhet for alle sammen jajamensan", "content_type": 55}, "model": "admin.logentry"}, {"pk": 203, "fields": {"change_message": "Endret body.", "object_id": "10", "action_time": "2015-11-28T22:15:38.651", "action_flag": 2, "user": 1, "object_repr": "Nyhet for alle sammen jajamensan", "content_type": 55}, "model": "admin.logentry"}, {"pk": 204, "fields": {"change_message": "Endret body.", "object_id": "10", "action_time": "2015-11-28T22:16:04.458", "action_flag": 2, "user": 1, "object_repr": "Nyhet for alle sammen jajamensan", "content_type": 55}, "model": "admin.logentry"}, {"pk": 205, "fields": {"change_message": "Endret body.", "object_id": "10", "action_time": "2015-11-28T22:33:42.708", "action_flag": 2, "user": 1, "object_repr": "Nyhet for alle sammen jajamensan", "content_type": 55}, "model": "admin.logentry"}, {"pk": 206, "fields": {"change_message": "Endret user_permissions.", "object_id": "2", "action_time": "2015-12-07T20:55:39.692", "action_flag": 2, "user": 1, "object_repr": "anderscs", "content_type": 2}, "model": "admin.logentry"}, {"pk": 207, "fields": {"change_message": "Endret user_permissions.", "object_id": "3", "action_time": "2015-12-07T20:59:42.459", "action_flag": 2, "user": 1, "object_repr": "anders", "content_type": 2}, "model": "admin.logentry"}, {"pk": 208, "fields": {"change_message": "", "object_id": "2", "action_time": "2016-01-03T17:07:23.505", "action_flag": 1, "user": 1, "object_repr": "Nytt album", "content_type": 53}, "model": "admin.logentry"}, {"pk": 209, "fields": {"change_message": "", "object_id": "3", "action_time": "2016-01-03T17:08:45.199", "action_flag": 1, "user": 1, "object_repr": "Profil album", "content_type": 53}, "model": "admin.logentry"}, {"pk": 210, "fields": {"change_message": "Endret title og visibility.", "object_id": "3", "action_time": "2016-01-03T17:10:25.749", "action_flag": 2, "user": 1, "object_repr": "Profilalbum", "content_type": 53}, "model": "admin.logentry"}, {"pk": 211, "fields": {"change_message": "Ingen felt endret.", "object_id": "3", "action_time": "2016-01-03T17:55:54.446", "action_flag": 2, "user": 1, "object_repr": "Profilalbum", "content_type": 53}, "model": "admin.logentry"}, {"pk": 212, "fields": {"change_message": "Ingen felt endret.", "object_id": "3", "action_time": "2016-01-03T23:54:13.396", "action_flag": 2, "user": 1, "object_repr": "Profilalbum", "content_type": 53}, "model": "admin.logentry"}, {"pk": 213, "fields": {"change_message": "Opprettet Albumbilde \u00ab(6) /media/uploads/content/%C3%85nders.png\u00bb.", "object_id": "1", "action_time": "2016-01-04T13:50:54.275", "action_flag": 2, "user": 1, "object_repr": "Dette er en test", "content_type": 53}, "model": "admin.logentry"}, {"pk": 214, "fields": {"change_message": "Ingen felt endret.", "object_id": "1", "action_time": "2016-01-04T13:51:51.386", "action_flag": 2, "user": 1, "object_repr": "Dette er en test", "content_type": 53}, "model": "admin.logentry"}, {"pk": 215, "fields": {"change_message": "Opprettet Albumbilde \u00ab(7) /media/uploads/content/familie.jpg\u00bb. Opprettet Albumbilde \u00ab(8) /media/uploads/content/hus.jpg\u00bb. Opprettet Albumbilde \u00ab(9) /media/uploads/content/20150730_114143.jpg\u00bb.", "object_id": "3", "action_time": "2016-01-05T16:46:33.643", "action_flag": 2, "user": 1, "object_repr": "Profilalbum", "content_type": 53}, "model": "admin.logentry"}, {"pk": 216, "fields": {"change_message": "", "object_id": "11", "action_time": "2016-01-24T00:51:49.185", "action_flag": 1, "user": 1, "object_repr": "Mars 88", "content_type": 15}, "model": "admin.logentry"}, {"pk": 217, "fields": {"change_message": "", "object_id": "1", "action_time": "2016-01-24T01:30:02.841", "action_flag": 1, "user": 1, "object_repr": "GeneralOptions object", "content_type": 79}, "model": "admin.logentry"}, {"pk": 218, "fields": {"change_message": "", "object_id": "12", "action_time": "2016-01-24T16:26:01.741", "action_flag": 1, "user": 1, "object_repr": "Oktober", "content_type": 15}, "model": "admin.logentry"}, {"pk": 219, "fields": {"change_message": "", "object_id": "13", "action_time": "2016-01-24T16:26:30.135", "action_flag": 1, "user": 1, "object_repr": "Des 89", "content_type": 15}, "model": "admin.logentry"}, {"pk": 220, "fields": {"change_message": "Endret headline.", "object_id": "8", "action_time": "2016-01-24T16:48:34.226", "action_flag": 2, "user": 1, "object_repr": "Dette er et test nyhet", "content_type": 55}, "model": "admin.logentry"}, {"pk": 221, "fields": {"change_message": "Endret headline.", "object_id": "8", "action_time": "2016-01-24T16:52:15.992", "action_flag": 2, "user": 1, "object_repr": "Dette er et test arrangement", "content_type": 57}, "model": "admin.logentry"}, {"pk": 222, "fields": {"change_message": "Endret event_start, registration_deadline og registration_start.", "object_id": "8", "action_time": "2016-01-24T16:53:14.102", "action_flag": 2, "user": 1, "object_repr": "Dette er et test arrangement", "content_type": 57}, "model": "admin.logentry"}, {"pk": 223, "fields": {"change_message": "Endret picture.", "object_id": "11", "action_time": "2016-01-24T19:06:49.237", "action_flag": 2, "user": 1, "object_repr": "Mars 88", "content_type": 15}, "model": "admin.logentry"}, {"pk": 224, "fields": {"change_message": "Endret picture.", "object_id": "13", "action_time": "2016-01-24T19:07:11.532", "action_flag": 2, "user": 1, "object_repr": "Des 89", "content_type": 15}, "model": "admin.logentry"}, {"pk": 225, "fields": {"change_message": "Endret cropping.", "object_id": "13", "action_time": "2016-01-24T19:07:21.768", "action_flag": 2, "user": 1, "object_repr": "Des 89", "content_type": 15}, "model": "admin.logentry"}, {"pk": 226, "fields": {"change_message": "Endret picture.", "object_id": "12", "action_time": "2016-01-24T19:18:53.300", "action_flag": 2, "user": 1, "object_repr": "Oktober", "content_type": 15}, "model": "admin.logentry"}, {"pk": 227, "fields": {"change_message": "Endret cropping.", "object_id": "12", "action_time": "2016-01-24T19:57:57.706", "action_flag": 2, "user": 1, "object_repr": "Oktober", "content_type": 15}, "model": "admin.logentry"}, {"pk": 228, "fields": {"change_message": "Ingen felt endret.", "object_id": "9", "action_time": "2016-01-24T20:07:18.016", "action_flag": 2, "user": 1, "object_repr": "Bedpres", "content_type": 12}, "model": "admin.logentry"}, {"pk": 229, "fields": {"change_message": "Endret event_start.", "object_id": "9", "action_time": "2016-01-24T20:07:33.099", "action_flag": 2, "user": 1, "object_repr": "Bedpres", "content_type": 12}, "model": "admin.logentry"}, {"pk": 230, "fields": {"change_message": "Endret content.", "object_id": "2", "action_time": "2016-01-24T20:14:07.880", "action_flag": 2, "user": 1, "object_repr": "/forsideinfo/ -- Forsideinfo", "content_type": 32}, "model": "admin.logentry"}, {"pk": 231, "fields": {"change_message": "", "object_id": "4", "action_time": "2016-02-02T22:03:03.819", "action_flag": 1, "user": 1, "object_repr": "Nytt album", "content_type": 53}, "model": "admin.logentry"}, {"pk": 232, "fields": {"change_message": "Endret event_start.", "object_id": "8", "action_time": "2016-02-02T22:04:11.416", "action_flag": 2, "user": 1, "object_repr": "Dette er et test arrangement", "content_type": 57}, "model": "admin.logentry"}, {"pk": 233, "fields": {"change_message": "Endret event_start og event_end.", "object_id": "4", "action_time": "2016-02-02T22:04:35.486", "action_flag": 2, "user": 1, "object_repr": "Skr\u00e5ttcast-event", "content_type": 57}, "model": "admin.logentry"}, {"pk": 234, "fields": {"change_message": "Endret event_start.", "object_id": "1", "action_time": "2016-02-02T22:05:03.234", "action_flag": 2, "user": 1, "object_repr": "VAS", "content_type": 57}, "model": "admin.logentry"}, {"pk": 235, "fields": {"change_message": "Endret event_start.", "object_id": "9", "action_time": "2016-02-02T22:06:06.867", "action_flag": 2, "user": 1, "object_repr": "Bedpres", "content_type": 12}, "model": "admin.logentry"}, {"pk": 236, "fields": {"change_message": "", "object_id": "14", "action_time": "2016-02-02T22:07:31.699", "action_flag": 1, "user": 1, "object_repr": "Bedpres #1", "content_type": 12}, "model": "admin.logentry"}, {"pk": 237, "fields": {"change_message": "Endret num for Albumbilde \u00ab(3) /media/uploads/content/20150614_202500.jpg\u00bb. Endret num for Albumbilde \u00ab(4) /media/uploads/content/20151223_212740.jpg\u00bb. Endret num for Albumbilde \u00ab(5) /media/uploads/content/banan.jpg\u00bb. Endret num for Albumbilde \u00ab(7) /media/uploads/content/familie.jpg\u00bb. Endret num for Albumbilde \u00ab(8) /media/uploads/content/hus.jpg\u00bb. Endret num for Albumbilde \u00ab(9) /media/uploads/content/20150730_114143.jpg\u00bb.", "object_id": "3", "action_time": "2016-02-03T11:54:46.070", "action_flag": 2, "user": 1, "object_repr": "Profilalbum", "content_type": 53}, "model": "admin.logentry"}, {"pk": 238, "fields": {"change_message": "Endret num for Albumbilde \u00ab(3) /media/uploads/content/20150614_202500.jpg\u00bb. Endret num for Albumbilde \u00ab(4) /media/uploads/content/20151223_212740.jpg\u00bb.", "object_id": "3", "action_time": "2016-02-03T11:54:54.821", "action_flag": 2, "user": 1, "object_repr": "Profilalbum", "content_type": 53}, "model": "admin.logentry"}, {"pk": 239, "fields": {"change_message": "Endret num for Albumbilde \u00ab(2) /media/uploads/content/favicon.png\u00bb.", "object_id": "2", "action_time": "2016-02-03T12:05:36.676", "action_flag": 2, "user": 1, "object_repr": "Nytt album", "content_type": 53}, "model": "admin.logentry"}, {"pk": 240, "fields": {"change_message": "Endret num for Albumbilde \u00ab(6) /media/uploads/content/%C3%85nders.png\u00bb.", "object_id": "1", "action_time": "2016-02-03T12:05:54.455", "action_flag": 2, "user": 1, "object_repr": "Dette er en test", "content_type": 53}, "model": "admin.logentry"}, {"pk": 241, "fields": {"change_message": "Endret num for Albumbilde \u00ab(3) /media/uploads/content/20150614_202500.jpg\u00bb. Endret num for Albumbilde \u00ab(4) /media/uploads/content/20151223_212740.jpg\u00bb. Endret num for Albumbilde \u00ab(5) /media/uploads/content/banan.jpg\u00bb. Endret num for Albumbilde \u00ab(7) /media/uploads/content/familie.jpg\u00bb. Endret num for Albumbilde \u00ab(8) /media/uploads/content/hus.jpg\u00bb. Endret num for Albumbilde \u00ab(9) /media/uploads/content/20150730_114143.jpg\u00bb.", "object_id": "3", "action_time": "2016-02-03T12:06:18.620", "action_flag": 2, "user": 1, "object_repr": "Profilalbum", "content_type": 53}, "model": "admin.logentry"}, {"pk": 242, "fields": {"change_message": "Endret num for Albumbilde \u00ab(10) /media/uploads/content/lotr.jpg\u00bb. Endret num for Albumbilde \u00ab(11) /media/uploads/content/abakus.png\u00bb. Endret num for Albumbilde \u00ab(12) /media/uploads/content/%C3%85nders_FokLdoK.png\u00bb.", "object_id": "4", "action_time": "2016-02-03T12:06:38.753", "action_flag": 2, "user": 1, "object_repr": "Nytt album", "content_type": 53}, "model": "admin.logentry"}, {"pk": 243, "fields": {"change_message": "Endret num for Albumbilde \u00ab(10) /media/uploads/content/lotr.jpg\u00bb. Endret num for Albumbilde \u00ab(11) /media/uploads/content/abakus.png\u00bb.", "object_id": "4", "action_time": "2016-02-03T13:11:00.551", "action_flag": 2, "user": 1, "object_repr": "Nytt album", "content_type": 53}, "model": "admin.logentry"}, {"pk": 244, "fields": {"change_message": "Endret num for Albumbilde \u00ab(3) /media/uploads/content/20150614_202500.jpg\u00bb. Endret num for Albumbilde \u00ab(4) /media/uploads/content/20151223_212740.jpg\u00bb.", "object_id": "3", "action_time": "2016-02-03T13:11:18.275", "action_flag": 2, "user": 1, "object_repr": "Profilalbum", "content_type": 53}, "model": "admin.logentry"}, {"pk": 1, "fields": {"interval": 0, "user": 1}, "model": "django_nyt.settings"}, {"pk": 2, "fields": {"interval": 0, "user": 3}, "model": "django_nyt.settings"}, {"pk": 1, "fields": {"url": "/wiki/", "message": "Article modified: True", "is_viewed": true, "occurrences": 1, "subscription": 1, "user": 1, "created": "2015-10-03T10:31:31.643", "is_emailed": false}, "model": "django_nyt.notification"}, {"pk": 2, "fields": {"url": "/wiki/", "message": "Article modified: True", "is_viewed": false, "occurrences": 1, "subscription": 2, "user": 3, "created": "2016-02-03T00:31:40.716", "is_emailed": false}, "model": "django_nyt.notification"}, {"pk": 1, "fields": {"current_revision": 4, "created": "2015-10-03T10:29:34.021", "group_write": true, "modified": "2016-02-03T00:31:40.984", "owner": null, "other_write": true, "group": null, "other_read": true, "group_read": true}, "model": "wiki.article"}, {"pk": 2, "fields": {"current_revision": 5, "created": "2016-02-03T00:32:18.722", "group_write": true, "modified": "2016-02-03T00:32:18.747", "owner": 1, "other_write": true, "group": null, "other_read": true, "group_read": true}, "model": "wiki.article"}, {"pk": 1, "fields": {"automatic_log": "", "ip_address": null, "article": 1, "locked": false, "user": 1, "previous_revision": null, "created": "2015-10-03T10:29:34.342", "revision_number": 1, "user_message": "", "modified": "2015-10-03T10:29:34.342", "deleted": false, "content": "fasdfasdvasdfasdasdca", "title": "True"}, "model": "wiki.articlerevision"}, {"pk": 2, "fields": {"automatic_log": "", "ip_address": null, "article": 1, "locked": false, "user": 1, "previous_revision": 1, "created": "2015-10-03T10:30:36.899", "revision_number": 2, "user_message": "", "modified": "2015-10-03T10:30:36.899", "deleted": false, "content": "Something completely different.", "title": "True"}, "model": "wiki.articlerevision"}, {"pk": 3, "fields": {"automatic_log": "", "ip_address": null, "article": 1, "locked": false, "user": 3, "previous_revision": 2, "created": "2015-10-03T10:31:31.294", "revision_number": 3, "user_message": "", "modified": "2015-10-03T10:31:31.294", "deleted": false, "content": "Something completely different yet again.", "title": "True"}, "model": "wiki.articlerevision"}, {"pk": 4, "fields": {"automatic_log": "", "ip_address": null, "article": 1, "locked": false, "user": 1, "previous_revision": 3, "created": "2016-02-03T00:31:40.390", "revision_number": 4, "user_message": "", "modified": "2016-02-03T00:31:40.390", "deleted": false, "content": "Something completely different yet again.\r\n\r\n[article_list depth:2]", "title": "True"}, "model": "wiki.articlerevision"}, {"pk": 5, "fields": {"automatic_log": "", "ip_address": null, "article": 2, "locked": false, "user": 1, "previous_revision": null, "created": "2016-02-03T00:32:18.730", "revision_number": 1, "user_message": "", "modified": "2016-02-03T00:32:18.730", "deleted": false, "content": "What did you expect?", "title": "False"}, "model": "wiki.articlerevision"}]
